type,name,label,label::Arabic,relevant,constraint,required,repeat_count,constraint_message,constraint_message::Arabic,read_only,appearance,choice_filter,default,calculation,hint,hint::Arabic
start,start,,,,,,,,,,,,,,,
end,end,,,,,,,,,,,,,,,
today,date_assessment,,,,,,,,,,,,,,,
deviceid,deviceid,,,,,,,,,,,,,,,
select_one ngo,ngo,Please select the name of your organization,??? ??????? ???? ???? ?????????,,,yes,,,,,,,,,,
text,ngo_other,"If other, please specify",??? ????? ?????? ???????,"selected(${ngo},'other')",,yes,,,,,,,,,,
integer,enumerator_num,Please record your enumerator number,??? ??????,,,yes,,,,,,,,,,
select_one Governorate_MCNA,Governorate_MCNA,Current Governorate,???????? ???????,,,yes,,,,,,,,,,
select_one District_MCNA,District_MCNA,Current District,?????? ??????,,,yes,,,,,,Filter=${Governorate_MCNA},,,,
select_one subdistricts,subdistrict_MCNA,Current Sub-district,??????? ???????,,,yes,,,,,,Filter=${District_MCNA},,,,
select_one Yes_No,hhh,Are you the head of household? ,?? ??? ?? ???????,,,yes,,,,,,,,,,
select_one Yes_No,will_to_response,"If no, are you willing and able to respond to the questions on behalf of the household?","??? ???, ?? ??? ???? ? ????? ??????? ??? ??????? ???????? ????","selected(${hhh}, 'no')",.='yes',yes,,,,,,,,,??? ???? ?????? ????? ????????  ????????? ??? ???? ????,??? ???? ?????? ????? ????????  ????????? ??? ???? ????
integer,age_respondent,What is your age? ,??? ??????,,.> 17 and .< 120,yes,,Age cannot be below 18 and above 120,,,,,,,,
select_one Sex,gender_respondent,Respondent's sex,??? ?????? ,,,yes,,,,,,,,,,
select_one Yes_No,consent,"Hello, my name is __. We are conducting interviews in order to inform the humanitarian response in Iraq. This interview will take around 45 minutes,  and your answers will remain confidential and you are free to withdraw at any moment during the survey. Do you agree to participate?","????? , ??? ???? __. ??? ???? ????????? ?? ??? ??????? ??????? ??? ????????? ????????? ?? ??????. ???? ???????? ?????? ????? 45 ?????. ?????? ??????? ????. ?? ???? ?? ?????? ?? ??????? ?? ?? ???? ?? ?????????. ?? ????? ??? ?????????",,.='yes',yes,,,,,,,,,??? ???? ?????? ????? ????????  ????????? ??? ???? ????,??? ???? ?????? ????? ????????  ????????? ??? ???? ????
begin group,Household_Profile,Household Profile,??????? ?????? ,,,,,,,,,,,,,
select_one Yes_No,Displace_Status,Was your household living in this subdistrict prior to January 2014?,?? ???? ????? ???? ?? ??? ??????? ??? ????? ?????? 2014?,,,yes,,,,,,,,,,
select_one Yes_No,Displace_Status_returnee,Have you been displaced from this sub-district since January 2014?,?? ??? ?????? ?? ??? ??????? ??? ????? ?????? 2014?,"selected(${Displace_Status}, 'yes')",,yes,,,,,,,,,,
note,note_returnee,This household is a returnee household.,??? ?????? ?????,"selected(${Displace_Status_returnee}, 'yes')",,,,,,,,,,,,
note,note_host,This household is part of the host community.,??? ?????? ????? ( ?? ???? ?????),"selected(${Displace_Status_returnee}, 'no')",,,,,,,,,,,,
select_one Yes_No,Displace_Status_idp,Did you move to this subdistrict because of the conflict?,?? ?????? ??? ??? ??????? ???? ???????,"selected(${Displace_Status}, 'no')",,yes,,,,,,,,,,
note,note_IDP,This household is an IDP household.,??? ?????? ?? ???? ?????,"selected(${Displace_Status_idp}, 'yes')",,,,,,,,,,,,
note,note_inelegible,This household is not eligible for the MCNA - please end the survey and find an eligible household in the targeted category. Please cancel this form and move to the next household.,??? ?????? ??? ????? ?????????. ?????? ????? ????????? ?????? ?? ???? ???? ??? ?????? ????????,"selected(${Displace_Status_idp}, 'no')",,,,,,,,,,,,
calculate,calc_idp,,,,,,,,,,,,,"if(selected(${Displace_Status_idp}, 'yes'), 1,0)",,
calculate,calc_returnee,,,,,,,,,,,,,"if(selected(${Displace_Status_returnee}, 'yes'), 1,0)",,
calculate,calc_remainee,,,,,,,,,,,,,"if(selected(${Displace_Status_returnee}, 'no'), 1,0)",,
calculate,calc_noteligible,,,,,,,,,,,,,"if(selected(${Displace_Status_idp}, 'no'), 1,0)",,
select_one hh_type,type_hh,"According to the note prompted before, select the correct population group.",???????? ??? ???????? ???? ??? ????????? ?????? ????? ??? ???????? ???????? ???? ????? ????? ??? ??????,${calc_noteligible} = 0,,yes,,,,,,,,,,
date,return_date_returnee,When did you return to this subdistrict after your most recent incidence of displacement?,??? ???? ??? ??? ??????? ??? ??? ???? ???,${calc_returnee} = 1,. <=today(),yes,,,,,month-year,,,,,
integer,return_durationdisplace,For how many months were you displaced? ,?? ??? ?????? ???? ???? ???? ???????,${calc_returnee} = 1,.>=0 and .<=60 ,yes,,,,,,,,,The answer has to be between 0 and 60 months,??? ?? ???? ?????? ??? 0 ? 60 ????
date,displace_date_idp,When were you initially displaced from your sub-district? ,??? ????? ?? ?????? ?? ????????,${calc_idp} = 1,. <=today() and . >= date('2014-01-01'),yes,,Date cannot be before 01/01/2014,,,month-year,,,,,
select_one Yes_No,idp_first_place,Is this location your first place of displacement? ,?? ??? ?????? ?? ??? ???? ?????? ???,${calc_idp} = 1,,yes,,,,,,,,,Place of displacement should not include transit areas. Displacement implies settling down somewhere (in or out of camp).,?? ???? ????? ?????? ?? ????? ????? ( ????????? ????). ????? ??? ?? ???? ?? ????????? ??? ( ???? ?? ???? ??????)
date,arrival_date_idp,When did you arrive to this current location? ,??? ???? ??? ????? ???????,${calc_idp} = 1,. <=today() and .>=${displace_date_idp},yes,,,,,month-year,,,,,
select_one Governorate_MCNA,Governorate_origin,What governorate in Iraq were you living in before your displacement (forced to leave your home)?,?? ?? ?????? ?? ?????? ??? ???? ??? ?????? ( ??? ??????? ??? ?????? ??????),${calc_idp} = 1,,yes,,,,,,,,,,
select_one District_MCNA,District_origin,What district in Iraq were you living in before your displacement?,?? ?? ???? ??? ???? ??? ??????,${calc_idp} = 1,,yes,,,,,,Filter=${Governorate_origin},,,,
select_one YNDD,displaced_again,"Have you been back to your AoO or tried to go back, but then decided to displace again?",,${calc_idp} = 1,,yes,,,,,,,,,,
end group,,,,,,,,,,,,,,,,
begin group,intentions,Intention survey,???????,${calc_noteligible} = 0,,,,,,,,,,,,
select_one intention,movement_intentions,What are your household's current movement intentions for the next three months?,???? ????? ???????? ??????? ??????? ?????? ???? ?????? ??????? ????????,${calc_idp} = 1,,yes,,,,,,,,,,
select_one intention_nonidp,movement_intentions_b,What are your household's current movement intentions for the next three months?,???? ????? ???????? ??????? ??????? ?????? ???? ?????? ??????? ????????,"${calc_returnee} = 1
",,yes,,,,,,,,,,
select_one intention_nonidp,movement_intentions_b12,What are your household's current movement intentions for the next twelve months? ,,"${calc_returnee} = 1
",,,,,,,,,,,,
select_one intention_ret,movement_intentions_ret,What are the main reasons you would consider displacement again?,???? ??????? ???????? ???? ?? ????? ???? ??????? ??? ?????,"${calc_returnee} = 1 and not(selected(${movement_intentions_b}, 'remain'))",,yes,,,,,,,,,,
select_one intentions12,movement_intentions12,What are your household's current movement intentions for the next 12 months?,???? ????? ???????? ??????? ??????? ?????? ???? ?????? ??12 ????????,"${calc_idp} = 1 and not(selected(${movement_intentions},'return'))",,yes,,,,,,,,,,
select_multiple reasons_return,reason_to_return_to_aoo,What are the main reasons why you currently intend to return to your area of origin? (Select max 3),???? ??????? ???????? ???? ????? ????? ???? ??????? ??? ?????? ???????? ( ??? ????? ??? ??? ????),"${calc_idp} = 1 and selected(${movement_intentions12}, 'return') or selected(${movement_intentions},'return')",count-selected(.)<=3,yes,,You cannot select more than 3 options.,,,,,,,,
select_multiple ox8ul79,why_not_return,"If not intending to return within the next year, why not? (select max. 3)",??? ?? ??? ???? ?????? ??? ????? ????? ???? ????? ???????? ???? ??? ???? ( ??? 3 ??? ????),"${calc_idp} = 1 and not(selected(${movement_intentions}, 'return')) and not(selected(${movement_intentions12},'return'))","if(selected(.,'do_not_know') or selected(.,'decline_to_answer'), count-selected(.)=1, count-selected(.)<=3)",yes,,"You cannot select more than 3 options. You cannot select ""do not know"" or ""decline to answer"" and any other options.",?????? ????? ?? ???? ?? ???? ???,,,,,,,?? ??? ???? ?? ???? ???????? ?????? ???? ????
end group,,,,,,,,,,,,,,,,
begin group,protection,Protection survey,???????,${calc_noteligible} = 0,,,,,,,,,,,,
select_one YNDD,hh_dispute,"Is the property you are currently living in, or own elsewhere, under any kind of dispute? ",,,,yes,,,,,,,,,,
select_one Yes_No,property_damaged,Was property that you own damaged during the conflict?,,,,yes,,,,,,,,,,
select_one Yes_No,applied_compensation,Have you applied for property compensation?,,"selected(${property_damaged},'yes')",,yes,,,,,,,,,,
select_one Yes_No,received_compensation, Have you received any cash from the government as a result of your property compensation application?,,"selected(${applied_compensation},'yes')",,yes,,,,,,,,,,
begin group,missing_documents_household,Does your household have the following documents?,,,,yes,,,,,field-list,,,,,
select_one missing_docs,PDS,PDS card,,,,yes,,,,,,,,,,
select_one missing_docs,info_card,Information card,,,,yes,,,,,,,,,,
select_one missing_docs,death_certificate,Death certificate,,,,yes,,,,,,,,,,
select_one missing_docs,guardianship,Guardianship certificate,,,,yes,,,,,,,,,,
select_one missing_docs,inheritance,Inheritance deed,,,,yes,,,,,,,,,,
select_one missing_docs,trusteeship,Trusteeship certificate,,,,yes,,,,,,,,,,
end group,,,,,,,,,,,,,,,,
begin group,restrictions,"In the past month, has anyone in your HH experienced restrictions in their ability to move freely in your area in day light? ",?? ????? ?????? ? ?? ???? ?? ??? ?? ????? ?? ???? ?? ?????? ????? ?? ?????? ????? ???????,,,yes,,,,,field-list,,,,,
select_one YNDD,restriction_clearance,Needing to obtain security clearance / coupons,,,,yes,,,,,,,,,,
select_one YNDD,restriction_documents,Needing to show ID documents to civilian authorities or security actors,,,,yes,,,,,,,,,,
select_one YNDD,restriction_time,Time restrictions on when to leave and return,,,,yes,,,,,,,,,,
select_one YNDD,restriction_reason,"Needing to provide a specific reason for movement (employment, medical, school)",,,,yes,,,,,,,,,,
select_one YNDD,restriction_physical,Physical road blocks,,,,yes,,,,,,,,,,
select_one YNDD,restriction_other,Other,,,,yes,,,,,,,,,,
end group,,,,,,,,,,,,,,,,
text,restriction_type_other,"If other, please specify",??? ????? ?????? ???????,"selected(${restriction_other},'yes')",,yes,,You cannot select more than 3 options.,,,,,,,,
select_one housing_situation,housing_situation,What is your current housing and related documentation situations?,,,,yes,,,,,,,,,,
text,housing_situation_other,"If other, please specify",??? ????? ?????? ???????,"selected(${housing_situation},'other')",,yes,,,,,,,,,,
select_one housing_ownership,housing_ownership,Do you own housing / land yourself?,,,,yes,,,,,,,,,,
note,ref_hlpdocs,"Documents attesting HLP ownership are missing, please refer to the appropiate actor.",???? ?????? ??? ??? ??????? ??????? ??? ???? ????? ??????? ???????? ?? ?????,"selected(${housing_situation}, 'rent_without') or selected(${housing_situation}, 'own_without') or selected(${housing_situation}, 'gov_without') or selected(${housing_situation}, 'private_without') or selected(${housing_ownership}, 'own_elsewhere_without')",,,,,,,,,,,,
select_multiple unsafe_areas,unsafe_areas,What areas do women and girls in your community avoid or feel unsafe?,,,"if(selected(.,'do_not_know'), count-selected(.)=1, count-selected(.)>=1)",yes,,,,,,,,,,
end group,,,,,,,,,,,,,,,,
begin group,household_roster,Household Roster,??????? ???????,${calc_noteligible} = 0,,,,,,,,,,,,
integer,num_hh_member,How many members are there in your household?,?? ??? ????? ???????,,.> 0,yes,,,,,,,,,,
note,ind_level,"I will now ask you some questions regarding each individual of your family. We define family to include anyone who is under guardianship or responsibility of this family (e.g. separated or unaccompanied children, grandparents)? **Please start with the head of your family and please don't forget to include yourself!**",??? ???? ???? ???? ??? ??????? ????? ?? ??? ?? ????? ??????. ??? ????? ??????? ?? ??? ????????? ???????? ??????? ??????? ??????? ????? ?? ??? ????? ?? ??????? ??? ??????? ( ???? : ??????? ????? ??????? ?? ????????? ?? ???????)  **?????? ????? ??? ??????? ??? ???? ?? ????? ???? ?????.**,,,,,,,,,,,,,
integer,num_family_member,How many members are there in your family?,?? ??? ????? ??????? ( ??????? ??????? ????? ?? ??? ????? ?? ??????? ??? ??????? ( ???? : ??????? ????? ??????? ?? ????????? ?? ???????)?,,.> 0,yes,,,,,,,,,,
begin group,composition,Family Composition,????? ??????,,,,,,,,,,,,,
begin repeat,member,Add a new group for each family member.,??? ?????? ????? ??? ??? ?? ??????? ??????? ??????? ????? ?? ??? ????? ?? ??????? ??? ??????? ( ???? : ??????? ????? ??????? ?? ????????? ?? ???????),,,yes,${num_family_member},,,,,,,,,
select_one relationship,relationship,What is [this person]'s relation to the head of household?,???? ??? ????? ??? ????? ??? ???????,,,yes,,,,,quick,,,,,
begin group,error_start,Is not an error,,"not(selected(${relationship}, 'error'))",,yes,,,,,,,,,,
select_one gender,sex,What is the sex of [this person]?,???? ??? ??? ??????,,,yes,,,,,quick,,,,,
integer,age,What is the age of [this person]? ,?? ?? ??? ??? ??????,,.< 120,yes,,,,,,,,,,
select_one marital_status,marital_status,What is [person]'s marital status? ,???? ?????? ?????????? ???? ??????,${age} >= 12,,yes,,,,,quick,,,,,
select_one YND,pregnant_lactating,Is the person pregnant or lactating?,?? ????? ???? ?? ??????,"selected(${sex} , 'female') and (${age} >= 12 and ${age} <= 50)",,yes,,,,,quick,,,,,
begin group,missing_documents,Does this person have the following documents?,,,,yes,,,,,field-list,,,,,
select_one missing_docs,passport,Passport,,,,yes,,,,,,,,,,
select_one missing_docs,id_card,National ID card,,,,yes,,,,,,,,,,
select_one missing_docs,citizenship,Citizenship certificate,,,,yes,,,,,,,,,,
select_one missing_docs,birth_cert,Birth certificate,,,,yes,,,,,,,,,,
select_one missing_docs,school_cert,School certificate,,${age} >= 17,,yes,,,,,,,,,,
select_one missing_docs,marriage_cert,Marriage license,,"selected(${marital_status},'married')",,yes,,,,,,,,,,
select_one missing_docs,divorce_cert,Divorce license,,"selected(${marital_status},'divorced')",,yes,,,,,,,,,,
end group,,,,,,,,,,,,,,,,
select_multiple health_events,health_issue,"In the past 30 days, did the person suffer from any of the following health conditions? ",,,,yes,,,,,,,,,,
text,health_issue_other,"if other, please describe","??? ???? ???? ????,  ?????? ?????","selected(${health_issue}, 'other')",,yes,,,,,,,,,,
select_one Yes_No,disabilities_exclusion,"Does [this person] have any difficulty in hearing, walking/climbing steps, seeing, remembering or concentrating, self-care or communicating?",?? ????? ??? ????? ?? ??? ?????? ?? ????? ?? ????? ?? ????? ?? ?????? ?? ??????? ?? ?? ???????? ???????,${age} >= 5,,,,,,,quick,,,,,
select_one WGSS,difficulty_seeing,"Does [this person] have difficulty seeing, even if wearing glasses?",?? ????? ??? ????? ????? ?? ?????? ?????? ?? ??????? ?????????,"selected(${disabilities_exclusion}, 'yes') and (${age} >= 5)",,yes,,,,,quick,,,,,
select_one WGSS,difficulty_hearing,"Does [this person] have difficulty hearing, even if using a hearing aid?",?? ????? ??? ????? ????? ?? ????? ?????? ?? ??????? ????? ??????,"selected(${disabilities_exclusion}, 'yes') and (${age} >= 5)",,yes,,,,,quick,,,,,
select_one WGSS,difficulty_walking,Does [this person] have difficulty walking or climbing steps?,?? ????? ??? ????? ????? ?? ????? ?? ???????,"selected(${disabilities_exclusion}, 'yes') and (${age} >= 5)",,yes,,,,,quick,,,,,
select_one WGSS,difficulty_remembering,Does [this person] have difficulty remembering or concentrating?,?? ????? ??? ????? ????? ?? ?????? ?? ????????,"selected(${disabilities_exclusion}, 'yes') and (${age} >= 5)",,yes,,,,,quick,,,,,
select_one WGSS,difficulty_washing,"Does [this person] have difficulty with (self-care, such as) washing all over or dressing?",?? ????? ??? ????? ????? ?? ???????? ????? ??????? ??????? ?? ????????? ??????,"selected(${disabilities_exclusion}, 'yes') and (${age} >= 5)",,yes,,,,,quick,,,,,
select_one WGSS,difficulty_communicating,"Using your usual (customary) language, does [this person] have difficulty communicating, for example understanding or being understood?",???????? ???? ????????? ?? ????? ??? ????? ????? ?? ???????? ?????? ?? ????????,"selected(${disabilities_exclusion}, 'yes') and (${age} >= 5)",,yes,,,,,quick,,,,,
select_one Yes_No,disab_explos,"Is [this person's] disability related to an explosive hazard (i.e. mines, UXO, IED)?",?? ????? ??? ????? ?????? ?????? ?????? (??? ??????? ? ??????? ??? ???????? ? ??????? ???????)?,"selected(${disabilities_exclusion}, 'yes') and (${age} >= 5)",,yes,,,,,quick,,,,,
select_one Yes_No,difficulty_accessing_services,"Does [this person] face difficulties in accessing the following services: education, market, food, etc.? ",,"selected(${disabilities_exclusion}, 'yes') and (${age} >= 5)",,yes,,,,,quick,,,,,
select_one why_difficulty,why_difficulty,"If yes, what is the main reason preventing them to access services? ",,"selected(${difficulty_accessing_services},'yes')",,yes,,,,,quick,,,,,
text,why_difficulty_other,"if other, please describe","??? ???? ???? ????,  ?????? ?????","selected(${why_difficulty}, 'other')",,yes,,,,,,,,,,
select_one YNDD,attend_formal_ed,Is the person (6-17) currently attending formal education? (during school season),?? ????? ??? ????? (6-17 ???) ??????? ?????? ?????? (???? ?????? ???????),(${age} >= 6 and ${age} <= 17),,yes,,,,,,,,,,
select_one YNDD,attend_informal_ed,Is the person (6-17) currently attending a non-formal learning environment at least 3 days per week? (during school season),?? ????? ??? ????? (6-17 ???) ???????  ????? ???? ?????? (???? ?????? ???????),"not(selected(${attend_formal_ed}, 'yes'))  and (${age} >= 6 and ${age} <= 17)",,yes,,,,,,,,,,
select_one YNDD,ever_attend,Has the person (6-17) ever attended school?,?? ????? ????? (6-17) ??????? ?? ????,"selected(${attend_formal_ed}, 'no') and (${age} >= 6 and ${age} <= 17)",,yes,,,,,,,,,,
date,drop_out,In what month and year did this person stop attending school? ,?? ?? ??? ???? ???? ??? ????? ?? ?????? ????????,"selected(${ever_attend}, 'yes') and (${age} >= 6 and ${age} <= 17)",,yes,,,,,month-year,,,,,
select_one Yes_No,work,Is [this person] currently working?,?? ??? [??? ?????] ???? ???????? ????? ????????,${age} >= 6,,yes,,,,,,,,,,
select_one YND,actively_seek_work,Is [this person] actively seeking work?,?? ???? ??? ????? ????? ?????? ??? ????,"selected(${work}, 'no') and ${age}>=18",,yes,,,,,,,,,,
text,employment_primary_barriers_other,"if other, please describe",??? ???? ?????? ?????,"selected(${employment_primary_barriers}, 'other')",,yes,,,,,,,,,,
calculate,male_2,,,,,,,,,,,,,"if(${age} <= 2 and ${sex}='male', 1,0)",,
calculate,female_2,,,,,,,,,,,,,"if(${age} <= 2 and ${sex}='female', 1,0)",,
calculate,male_3_5,,,,,,,,,,,,,"if(${age} >= 3 and ${age} <= 5 and ${sex}='male', 1,0)",,
calculate,female_3_5,,,,,,,,,,,,,"if(${age} >= 3 and ${age} <= 5 and ${sex}='female', 1,0)",,
calculate,male_6_17,,,,,,,,,,,,,"if(${age} >= 6 and ${age} <= 17 and ${sex}='male', 1,0)",,
calculate,female_6_17,,,,,,,,,,,,,"if(${age} >= 6 and ${age} <= 17 and ${sex}='female', 1,0)",,
calculate,male_18_59,,,,,,,,,,,,,"if(${age} >= 18  and ${age} <= 59 and ${sex}='male', 1,0)",,
calculate,female_18_59,,,,,,,,,,,,,"if(${age} >= 18  and ${age} <= 59 and ${sex}='female', 1,0)",,
calculate,male_60,,,,,,,,,,,,,"if(${age} >= 60 and ${sex}='male', 1,0)",,
calculate,female_60,,,,,,,,,,,,,"if(${age} >= 60 and ${sex}='female', 1,0)",,
calculate,separated,,,,,,,,,,,,,"if(${relationship}='nephew_niece', 1,0)",,
calculate,child_012,,,,,,,,,,,,,"if(${age} >0 and ${age} <= 12, 1,0)",,
calculate,child_1317,,,,,,,,,,,,,"if(${age} >=13 and ${age} <= 17, 1,0)",,
calculate,child,,,,,,,,,,,,,"if(${age} >0 and ${age} <= 17, 1,0)",,
calculate,child_not_school,,,,,,,,,,,,,"if(${age} >=6 and ${age} <= 17 and selected(${attend_formal_ed}, 'no'), 1,0)",,
calculate,adult_no_work,,,,,,,,,,,,,"if(selected(${work}, 'no') and selected(${actively_seek_work}, 'yes') and ${age}>=18,1,0)",,
end_group,,,,,,,,,,,,,,,,
end repeat,member_end,,,,,,,,,,,,,,,
end group,composition_end,,,,,,,,,,,,,,,
calculate,male_2_calc,,,,,,,,,,,,,sum(${male_2}),,
calculate,female_2_calc,,,,,,,,,,,,,sum(${female_2}),,
calculate,male_3_5_calc,,,,,,,,,,,,,sum(${male_3_5}),,
calculate,female_3_5_calc,,,,,,,,,,,,,sum(${female_3_5}),,
calculate,male_6_17_calc,,,,,,,,,,,,,sum(${male_6_17}),,
calculate,female_6_17_calc,,,,,,,,,,,,,sum(${female_6_17}),,
calculate,male_18_59_calc,,,,,,,,,,,,,sum(${male_18_59}),,
calculate,female_18_59_calc,,,,,,,,,,,,,sum(${female_18_59}),,
calculate,male_60_calc,,,,,,,,,,,,,sum(${male_60}),,
calculate,female_60_calc,,,,,,,,,,,,,sum(${female_60}),,
note,calc_note,"Total male children 2 or under: ${male_2_calc}
Total female children 2 or under: ${female_2_calc}
Total male children 3 to 5: ${male_3_5_calc}
Total female children 3 to 5: ${female_3_5_calc}
Total male children 6 to 17: ${male_6_17_calc}
Total female children 6 to 17: ${female_6_17_calc}
Total male adults 18 to 59: ${male_18_59_calc}
Total female adults 18 to 59: ${female_18_59_calc}
Total male adults 60 and over: ${male_60_calc}
Total female adults 60 and over: ${female_60_calc}",,,,,,,,,,,,,,
calculate,tot_child_012,,,,,,,,,,,,,sum(${child_012}),,
calculate,tot_child_1317,,,,,,,,,,,,,sum(${child_1317}),,
calculate,tot_child,,,,,,,,,,,,,sum(${child}),,
calculate,tot_male,,,,,,,,,,,,,sum(${male_2})+sum(${male_3_5})+sum(${male_6_17})+sum(${male_18_59})+sum(${male_60}),,
calculate,tot_female,,,,,,,,,,,,,sum(${female_2})+sum(${female_3_5})+sum(${female_6_17})+sum(${female_18_59})+sum(${female_60}),,
calculate,tot_6_above,,,,,,,,,,,,,(${male_6_17_calc} + ${female_6_17_calc} + ${male_18_59_calc} + ${female_18_59_calc} + ${male_60_calc} + ${female_60_calc}),,
note,tot_calc_note,"Total number of male: ${tot_male}
Total number of female: ${tot_female}",,,,,,,,,,,,,,
calculate,calc_separated,,,,,,,,,,,,,sum(${separated}),,
note,ref_child,There may be one or more separated or unaccompanied children living in this household. Please refer to the appropiate actor.,??? ??? ???? ????? ??????? ?? ??????? ??????? ?? ??? ??????? ???? ????? ??????? ??????? ??? ??????? ?????? ?????? ??? ????? ??????? ????????? ????,${calc_separated} >0,,,,,,,,,,,,
select_multiple reasons_not_attend,reasons_not_attend,"If one of the persons (6-17) does not attend school, what were the reasons? ",??? ?? ??? ????? ????? ??????? ????? ? ???? ??????? ???? ????,sum(${child_not_school})>=1,,yes,,,,,,,,,,
text,resons_not_attend_other,"if other, please describe",??? ???? ?????? ?????,"selected(${reasons_not_attend}, 'other')",,yes,,,,,,,,,,
select_multiple employment_barrires,employment_primary_barriers,"What obstacles, if any, are people in this household facing in finding work?",?? ?? ??????? (?? ????) ???? ??????? ??? ????? ?? ?????? ??? ????,sum(${adult_no_work})>=1,,yes,,,,,,,,,,
end group,,,,,,,,,,,,,,,,
begin group,food_security,Food security survey,??? ??????,${calc_noteligible} = 0,,,,,,,,,,,,
begin group,fcs,"Over the last 7 days, how many days did your household consume the following food? ","??? ??? ??7 ???? ???????, ?? ???? ??? ?????? ??????? ???????:",,,,,,,,field-list,,,,,
integer,cereals,"Cereals, grains, roots and tubers: rice, pasta, bread, potato, ",?????? ??????? ????????: ????? ?????????? ?????? ????????,,.>=0 and .<=7,yes,,,,,,,,,,
integer,nuts_seed,"Legumes / nuts : beans, peanuts, lentils, nut, soy, and / or other nuts",????????? : ????????? ? ????? ???????? ? ????? ? ?????? ? ?????? ? ? / ?? ???????? ??????,,.>=0 and .<=7,yes,,,,,,,,,,
integer,milk_dairy,"Milk and other dairy products: fresh milk / sour, yogurt, cheese, other dairy products (Exclude margarine / butter or small amounts of milk for tea / coffee)",?????? ??????? ??????? ??????: ?????? ?????? / ?????? ?????? ??????? ?????? ?????? ?? ?????? ??????? (???????? ????????? / ????? ?? ????? ????? ?? ?????? ????? / ??????),,.>=0 and .<=7,yes,,,,,,,,,,
integer,meat,"Meat, fish and eggs: goat, beef, chicken, , fish, including canned tuna, and / or other seafood, eggs (meat and fish consumed in large quantities and not as a condiment)",?????? ???????? ??????: ??? ?????? ???? ????? ??????? ???????? ? ??? ?? ??? ?????? ??????? ? ? / ?? ????? ?? ????????? ??????? ?????? (?????? ???????? ????????? ?????? ????? ???? ????),,.>=0 and .<=7,yes,,,,,,,,,,
integer,vegetables,"Vegetables and leaves: spinach, onion, tomatoes, carrots, peppers, green beans, lettuce, cabbages, egg plants, etc",?????? ? ???????? ???????: ??????? ? ????? ? ??????? ? ????? ? ?????? ? ????????? ??????? ? ???? ? ?????? ? ????????? ? ???,,.>=0 and .<=7,yes,,,,,,,,,,
integer,fruits,"Fruits: banana, apple, lemon, mango, watermelon, apricot, peach, pineapple, passion, gishta, orange, avocado, wild fruits etc",???????: ????? ??????? ???????? ???????? ??????? ??????? ?????? ????????? ????????? ?????????? ???????? ?????? ???,,.>=0 and .<=7,yes,,,,,,,,,,
integer,oil_fats,"Oil / fat / butter: vegetable oil, palm oil, margarine, other fats / oil",?????? / ?????? / ??????: ????? ??????? ???? ?????? ?????? ??????? ?????? / ?????,,.>=0 and .<=7,yes,,,,,,,,,,
integer,sweets,"Sugar, or sweet: sugar, honey, jam, cakes, candy, cookies, pastries, cakes and other sweet (sugary drinks)",????? ? ?? ?????: ????? ? ?????? ? ??????? ? ?????? ? ???????  ?????? ?? ???????? (????????? ???????),,.>=0 and .<=7,yes,,,,,,,,,,
integer,spices_condiments,"Condiments / Spices: tea, coffee / cocoa, salt, garlic, spices, yeast / baking powder, lanwin, tomato / sauce, meat or fish as a condiment, condiments including small amount of milk / tea coffee.",??????? / ????????: ????? ? ?????? / ??????? ? ????? ? ????? ? ???????? ? ??????? / ????? ????? ? ???????? ? ??????? / ?????? ? ????? ?? ????? ????? ? ??????? ??? ?? ??? ???? ????? ?? ?????? / ?????.,,.>=0 and .<=7,yes,,,,,,,,,,
end group,,,,,,,,,,,,,,,,
begin group,food_source,What was the main source of the following food in the past 7 days? (do not read out list),???? ??? ?????? ??????? ?????? ???? ?? 7 ???? ???????? ( ?? ???? ?? ??????? ) ,,,,,,,,,,,,,
select_one food_source,cereals_source,"Cereals, grains, roots and tubers: rice, pasta, bread, potato, ",?????? ??????? ????????: ????? ?????????? ?????? ????????,${cereals} > 0,,yes,,,,,minimal,,,,,
select_one food_source,nuts_seed_source,"Legumes / nuts : beans, peanuts, lentils, nut, soy, and / or other nuts",????????? : ????????? ? ????? ???????? ? ????? ? ?????? ? ?????? ? ? / ?? ???????? ??????,${nuts_seed} > 0,,yes,,,,,minimal,,,,,
select_one food_source,milk_dairy_source,"Milk and other dairy products: fresh milk / sour, yogurt, cheese, other dairy products (Exclude margarine / butter or small amounts of milk for tea / coffee)",?????? ??????? ??????? ??????: ?????? ?????? / ?????? ?????? ??????? ?????? ?????? ?? ?????? ??????? (???????? ????????? / ????? ?? ????? ????? ?? ?????? ????? / ??????),${milk_dairy} > 0,,yes,,,,,minimal,,,,,
select_one food_source,meat_source,"Meat, fish and eggs: goat, beef, chicken, , fish, including canned tuna, and / or other seafood, eggs (meat and fish consumed in large quantities and not as a condiment)",?????? ???????? ??????: ??? ?????? ???? ????? ??????? ???????? ? ??? ?? ??? ?????? ??????? ? ? / ?? ????? ?? ????????? ??????? ?????? (?????? ???????? ????????? ?????? ????? ???? ????),${meat} > 0,,yes,,,,,minimal,,,,,
select_one food_source,vegetables_source,"Vegetables and leaves: spinach, onion, tomatoes, carrots, peppers, green beans, lettuce, cabbages, egg plants, etc",?????? ? ???????? ???????: ??????? ? ????? ? ??????? ? ????? ? ?????? ? ????????? ??????? ? ???? ? ?????? ? ????????? ? ???,${vegetables} > 0,,yes,,,,,minimal,,,,,
select_one food_source,fruits_source,"Fruits: banana, apple, lemon, mango, watermelon, apricot, peach, pineapple, passion, gishta, orange, avocado, wild fruits etc",???????: ????? ??????? ???????? ???????? ??????? ??????? ?????? ????????? ????????? ?????????? ???????? ?????? ???,${fruits} > 0,,yes,,,,,minimal,,,,,
select_one food_source,oil_fats_source,"Oil / fat / butter: vegetable oil, palm oil, margarine, other fats / oil",?????? / ?????? / ??????: ????? ??????? ???? ?????? ?????? ??????? ?????? / ?????,${oil_fats} > 0,,yes,,,,,minimal,,,,,
select_one food_source,sweets_source,"Sugar, or sweet: sugar, honey, jam, cakes, candy, cookies, pastries, cakes and other sweet (sugary drinks)",????? ? ?? ?????: ????? ? ?????? ? ??????? ? ?????? ? ???????  ?????? ?? ???????? (????????? ???????),${sweets} > 0,,yes,,,,,minimal,,,,,
select_one food_source,spices_condiments_source,"Condiments / Spices: tea, coffee / cocoa, salt, garlic, spices, yeast / baking powder, lanwin, tomato / sauce, meat or fish as a condiment, condiments including small amount of milk / tea coffee.",??????? / ????????: ????? ? ?????? / ??????? ? ????? ? ????? ? ???????? ? ??????? / ????? ????? ? ???????? ? ??????? / ?????? ? ????? ?? ????? ????? ? ??????? ??? ?? ??? ???? ????? ?? ?????? / ?????.,${spices_condiments} > 0,,yes,,,,,minimal,,,,,
end group,,,,,,,,,,,,,,,,
text,cereals_source_other,"If other, please describe","??? ??? ?????? ??? ,?????? ????? ","selected(${cereals_source}, 'other')",,yes,,,,,,,,,,
text,nuts_seed_source_other,"If other, please describe","??? ??? ?????? ??? ,?????? ????? ","selected(${nuts_seed_source}, 'other')",,yes,,,,,,,,,,
text,milk_dairy_source_other,"If other, please describe","??? ??? ?????? ??? ,?????? ????? ","selected(${milk_dairy_source}, 'other')",,yes,,,,,,,,,,
text,meat_source_other,"If other, please describe","??? ??? ?????? ??? ,?????? ????? ","selected(${meat_source}, 'other')",,yes,,,,,,,,,,
text,vegetables_source_other,"If other, please describe","??? ??? ?????? ??? ,?????? ????? ","selected(${vegetables_source}, 'other')",,yes,,,,,,,,,,
text,fruits_source_other,"If other, please describe","??? ??? ?????? ??? ,?????? ????? ","selected(${fruits_source}, 'other')",,yes,,,,,,,,,,
text,oil_fats_source_other,"If other, please describe","??? ??? ?????? ??? ,?????? ????? ","selected(${oil_fats_source}, 'other')",,yes,,,,,,,,,,
text,sweets_source_other,"If other, please describe","??? ??? ?????? ??? ,?????? ????? ","selected(${sweets_source}, 'other')",,yes,,,,,,,,,,
text,spices_condiments_source_other,"If other, please describe","??? ??? ?????? ??? ,?????? ????? ","selected(${spices_condiments_source}, 'other')",,yes,,,,,,,,,,
begin group,coping_strategies_index,"During the last 7 days, how many times (in days) did your household have to employ one of the following strategies to cope with a lack of food or money to buy it?",???? ?????? ?????? ??????? ? ?? ??? ?????? (???????) ???? ??? ????? ??? ????? ??????? ???? ????????????? ??????? ??????? ?? ??? ?????? ?? ????? ????????,,,,,,,,field-list,,,,,
integer,cheaper_quality,Shifting toward cheaper and less quality food items.,????? ??? ???? ???? ??????  ????? ?? ??? ?????,,.>=0 and .<=7,yes,,,,,,,,,,
integer,borrowing,Borrowing food or asking assistance from relatives and friends,?????? ?????? ?? ??? ???????? ?? ??????? ?????????,,.>=0 and .<=7,yes,,,,,,,,,,
integer,reduce_meals,Reducing the number of daily meals,????? ??? ??????? ???????,,.>=0 and .<=7,yes,,,,,,,,,,
integer,less_food,Consume less food during meals,??????? ???? ??? ?? ?????? ????? ???????,,.>=0 and .<=7,yes,,,,,,,,,,
integer,less_adult,Curbing the adult's need to ensure food need of children,???? ?? ???? ?????? ????? ?????? ???????? ???????...,,.>=0 and .<=7,yes,,,,,,,,,,
end group,,,,,,,,,,,,,,,,
begin group,coping_strategies_food2,Coping Strategies Food,,,,,,,,,field-list,,,,,
note,livelihood_strategies,"During the past 30 days, did anyone in your household have to do one of the following things because there was not enough food or money to buy it?",???? ???????? ????? ??????? ? ?? ???? ?? ??? ?? ????? ??? ?????? ???? ?????? ??????? ???? ???? ?? ???? ?? ?????? ?? ????? ???????,,,,,,,,,,,,,
select_one NNNY,selling_assets,"Selling household properties (refrigerator, television, jewelry…)",??? ??????? ?????? (????? ?? ????? ?? ???????),,,yes,,,,,minimal,,,,,
select_one NNNY,borrow_debt,Buying food on credit or through borrowed money from relatives and friends,???? ?????? ??????? ?? ?? ???? ??????? ???????? ?? ??????? ?????????,,,yes,,,,,minimal,,,,,
select_one NNNY,selling_transportation_means,"Selling means of transport (car, motorbike",??? ????? ????? (????? ? ????? ?????,,,yes,,,,,minimal,,,,,
select_one NNNY,child_dropout_school,Children dropout from school,????? ??????? ?? ???????,,,yes,,,,,minimal,,,,,
select_one NNNY,reduce_spending,"Reducing expenditure on non-food items (health, education)",??? ??????? ??? ?????? ??? ???????? (????? ????????),,,yes,,,,,minimal,,,,,
select_one NNNY,change_place,Changing place of residence and accommodation to reduce expenses,????? ???? ??????? ?????? ???????,,,yes,,,,,minimal,,,,,
select_one NNNY,adult_risky,Accepting that adults engage in risky behavior,?????? ??????? ?????? ???????? ?? ?????? ?? ????? ?????? ??? ???????,,,,,,,,minimal,,,,,
select_one NNNY,child_work,Children under 18 work to provide resources,??? ??????? ??? ?? 18 ????? ?????? ???????,,,yes,,,,,minimal,,,,,
select_one NNNY,family_migrating,Whole family are migrating,?????? ??????? ????,,,yes,,,,,minimal,,,,,
select_one NNNY,child_forced_marriage,Children or adult forcefully marriaged,?????? ?????? ???????,,,yes,,,,,minimal,,,,,
end group,,,,,,,,,,,,,,,,
end group,,Health survey,,,,,,,,,,,,,,
begin group,health_group,Health,?????,${calc_noteligible} = 0,,,,,,,,,,,,
select_one distance,distance_health_service,"How far is the closest functioning, accessible health clinic to your location?",?? ????  ???? ????? ???? ???? ????? ?????? ????? ?? ??????,,,yes,,,,,,,,,30 minutes walking = 2 km (approximately),????? ??? ?? ??????? 2?? ???? ??????30  
select_one distance_h,distance_hospital,How far is the closest functioning hospital to your location? ,?? ???? ???? ?????? ???? ??? ??????,,,yes,,,,,,,,,30 minutes walking = 2 km (approximately),????? ??? ?? ??????? 2?? ???? ??????30  
select_one YND,hospital_emergency_ser,Does it provide emergency services? ,?? ???? ?????? ????? ????????,"not(selected(${distance_hospital},'none') or selected(${distance_hospital},'do_not_know'))",,yes,,,,,,,,,,
select_one YND,hospital_maternity_ser,Does it provide maternity services? ,,"not(selected(${distance_hospital},'none') or selected(${distance_hospital},'do_not_know'))",,yes,,,,,,,,,,
select_one YND,hospital_surgical_ser,Does it provide surgical services? ,?? ???? ?????? ????? ???????,"not(selected(${distance_hospital},'none') or selected(${distance_hospital},'do_not_know'))",,yes,,,,,,,,,,
select_one YND,hospital_pediatric_ser,Does it provide pediatric services?,?? ???? ?????? ????? ?? ????????,"not(selected(${distance_hospital},'none') or selected(${distance_hospital},'do_not_know'))",,yes,,,,,,,,,,
select_one YNDD,women_specialised_services,Do women of reproductive age (12-49) have access to specialized reproductive health services? ,?? ???? ?????? ?? ?? ??????? (12-49) ??? ??? ????? ????? ????????? ???????? ????,,,yes,,,,,,,,,,
text,primary_health_provider_pregnant_other,"if other, please specify",??? ???? ?????? ?????,"selected(${women_specialised_services},'other')",,yes,,,,,,,,,,
select_one YNDD,child_distress,Have you seen signs of distress such as changes in behaviours in family members below the age of 18 since the conflict began?,?? ????? ?????? ????? ??? ???????? ?? ??????? ????? ?????? ????? ??? ??????? ?? 18 ????? ??? ??? ???????,${tot_child} >0,,yes,,,,,,,,,Below 18 years,
select_one YNDD,adult_distress,Have you seen signs of distress such as changes in behaviours in family members above the age of 18 since the conflict began?,?? ????? ?????? ????? ??? ???????? ?? ??????? ????? ?????? ????? ??? ??????? ?? 18 ????? ??? ??? ???????,${tot_child} >0,,yes,,,,,,,,,Above 18 years,
select_one YNDD,health_accessed,"In the last three months, has anyone in your household needed to access health services or treatment (including medicines)",,,,yes,,,,,,,,,,
select_multiple health_barriers,health_barriers,"What difficulties, if any, were encountered when accessing health services or treatment? ",,"selected(${health_accessed},'yes')",,yes,,,,,,,,,,
end group,,,,,,,,,,,,,,,,
begin group,wash,WASH survey,????? ???????? ??????,${calc_noteligible} = 0,,,,,,,,,,,,
select_one water_source,drinking_water_source,What has been your household's primary source of drinking water over the past 30 days?,?? ?? ??? ?????? ??????? ?????? ????? ????? ???? ??7 ???? ????????,,,yes,,,,,,,,,,
text,drinking_water_source_other,"If other, please specify",??? ???? ?????? ?????,"selected(${drinking_water_source},'other')",,yes,,,,,,,,,,
select_one Yes_No,access_private_shared_watertank,Does your household own either a private or shared water tank?,?? ????? ????? ???? ???? ??? ?? ??????,,,yes,,,,,,,,,,
integer,tank_capacity,What is your water tank capacity (in liters)?,?? ?? ??? ???? ?????? (??????)?,"selected(${access_private_shared_watertank},'yes')",,yes,,,,,,,,,"Provide and estimate, if the respondend doesn't know input ""999""",???? ????? ???? ??????? ??? ??? ??? ?????? ?? ????? ???? ????? 999
integer,refill_times,How many times do you re-fill your tanks each week?,?? ??? ???? ?????? ??? ?????? ?????? ???? ??????? ???????,"selected(${access_private_shared_watertank},'yes')",,yes,,,,,,,,,"Provide and estimate, if the respondend doesn't know input ""999""",???? ????? ???? ??????? ??? ??? ??? ?????? ?? ????? ???? ????? 999
integer,people_share_tank,How many people share this water tank?,??? ??????? ????? ??????? ?? ??????? ???? ?????? ??? ( ??? ???? ????? ?????),"selected(${access_private_shared_watertank},'yes')",,yes,,,,,,,,,"Provide and estimate, if the respondend doesn't know input ""999""",???? ????? ???? ??????? ??? ??? ??? ?????? ?? ????? ???? ????? 999
select_multiple safer_drinking,treat_drink_water_how,How do you treat your water for drinking?,??? ????? (???? ??????) ???? ????? ?????? ???,"not(selected(${drinking_water_source},'shop'))",,yes,,,,,,,,,,
text,treat_drink_water_how_other,"If other, please describe",??? ???? ?????? ?????,"selected(${treat_drink_water_how}, 'other')",,yes,,,,,,,,,,
select_multiple why_safer_drinking,treat_drink_water_why,Why do you feel the need to treat it ,,"not(selected(${drinking_water_source},'shop')) and not(selected(${treat_drink_water_how},'not_necessary'))",,yes,,,,,,,,,,
select_one waste_disposal,dispose_waste,What is the main method of waste disposal for your household?,???? ??????? ???????? ???? ?????? ????? ?????? ?? ?????????,,,yes,,,,,,,,,,
text,dispose_waste_other,"If other , please specify",??? ???? ?????? ?????,"selected(${dispose_waste}, 'other')",,yes,,,,,,,,,,
select_one waste_disposal_freq,waste_freq,How frequently is solid waste disposed from your residence?,?? ?? ??? ??? ?????? ?? ???????? ?????? ?? ????? ?,,,yes,,,,,,,,,,
select_multiple latrines,latrines,What category of functional latrine do you have access to?,????? ???????? ??????? ??????? ????,,,yes,,,,,,,,,,
select_one latrines_use,latrines_use,Does your household use it? ,,"selected(${latrines},'communal') or selected(${latrines},'public')",,yes,,,,,,,,,,
select_multiple latrine_types,latrine_type,What is the type of latrine that you have access to and use?,,"not(selected(${latrines},'none'))",,yes,,,,,,,,,,
select_multiple latrine_maintenance,latrine_maintenance,Who provides maintenance to the toilet?,,"not(selected(${latrines},'none'))",,yes,,,,,,,,,,
select_multiple shower,shower,What type of functional shower do you have access to,,,,,,,,,,,,,,
select_one latrines_use,shower_use,Does your household use it? ,,"selected(${shower},'communal') or selected(${shower},'public')",,,,,,,,,,,,
select_one Yes_No,access_hygiene_items,"Do you have access to sufficient hygiene items such as soap, diapers, etc.?",?? ?? ???? ??????? ??????? ????? ?? (??? ??????? ? ?????? ??????? ? ??? ??? ???)?,,,yes,,,,,,,,,,
select_multiple hygiene_items_receiving,hygiene_items_receiving,"If yes, how do you usually receive it?",,"selected(${access_hygiene_items},'yes')",,,,,,,,,,,,
select_one hygiene_practices,hygiene_practices,Are you aware of key hygiene practices? ,?? ??? ??? ????? ???????? ??????? ???????? ?,,,yes,,,,,,,,,"Such as proper handwashing with soap, clean latrines, safe food / water storage",??? ??? ?????? ???? ???? ???????? ? ????????? ??????? ? ?????? ?????? ???? ???
end group,,,,,,,,,,,,,,,,
begin group,S_NFI,Shelter & NFI survey,????? ??????? ????? ??????,${calc_noteligible} = 0,,,,,,,,,,,,
select_one shelter_type,shelter_type,What type of shelter are you currently living in?,????? ?????? ???? ???? ??? ??????,,,yes,,,,,,,,,,
text,shelter_type_other,"If other, please describe","??? ??? ?????? ??? ,?????? ????? ","selected(${shelter_type}, 'other')",,yes,,,,,,,,,,
select_one YNDD,hh_hosted,Is your HH currently being hosted? ,?? ????? ??????? ??? ????? ?? ?????,"(${calc_idp} = 1 or ${calc_returnee} = 1) and (selected(${shelter_type}, 'House') or selected(${shelter_type}, 'Apartment'))
",,yes,,,,,,,,,,
select_one YNDD,hh_risk_eviction,Is your HH presently fearing eviction?,?? ????? ????? ???????? ?? ????? ???????,,,yes,,,,,,,,,,
note,ref_evic,"This is household is presently at risk of eviction, please refer to the appropiate actor.",,"selected(${hh_risk_eviction}, 'yes')",,,,,,,,,,,,
select_multiple eviction,hh_main_risks,What are the main reasons of eviction?,???? ??????? ???????? ??????? ??????? ???????,"selected(${hh_risk_eviction}, 'yes')",,yes,,,,,,,,,,
text,hh_main_risks_other,"If other, please describe","??? ??? ?????? ??? ,?????? ????? ","selected(${hh_main_risks}, 'other')",,yes,,,,,,,,,,
select_multiple shelter_issues,shelter_issues,What immediate issues are you facing with your current shelter (top 3)?,?? ?? ??????? ??????? ???? ??????? ?? ????? ?????? ? ??? ??? ?????,,count-selected(.)=3,yes,,You cannot select more than 3 options.,,,,,,,,
text,shelter_issues_other,"If other, please describe","??? ??? ?????? ??? ,?????? ????? ","selected(${shelter_issues}, 'other')",,,,,,,,,,,,
note,ref_mine,"This household's shelter is reported to be contaminated from explosive hazards, please refer to appropiate actor.",??? ??? ???? ?????? ????? ?? ???? ???? ???? ??????? ?????? ???????? ??? ????? ???????? ????,"selected(${shelter_issues},'uxo')",,,,,,,,,,,,
select_multiple nfi_needs,nfi_priority_needs,Which of the following NFIs are priority needs for your household? (select max. 4),?? ?? ?????? ??? ???????? ??????? ????? ???????? ?????? ??????? (???? 4 ??? ???? ),,"not(selected(.,'none') and count-selected(.)>1) and count-selected(.)<=4",yes,,"You can select max 4 option and cannot select ""None"" and any other option.",?? ????? ????? ( ????? ) ?? ???? ???,,,,,,,
text,nfi_priority_needs_other,"If other, please describe","??? ??? ?????? ??? ,?????? ????? ","selected(${nfi_priority_needs}, 'other')",,yes,,,,,,,,,,
select_multiple shelter_better,shelter_better,What is your priority concern to make your current shelter a better place to live (top 3)?,?? ?? ????????? ??? ???????? ?????? ???? ????? ?????? ?????? ???? ????? ??? ? ???? ??? 3,,count-selected(.)<=3,,,You cannot select more than 3 options.,,,,,,,,
text,shelter_better_other,"If other, please describe","??? ??? ?????? ??? ,?????? ????? ","selected(${shelter_better}, 'other')",,yes,,,,,,,,,,
end group,,,,,,,,,,,,,,,,
begin group,education,Education survey,???????,${calc_noteligible} = 0,,,,,,,,,,,,
select_one place,primary_school_place,How far is the closest functioning primary school to your location?,?? ???? ???? ????? ???????? ???? ?? ??????,,,yes,,,,,,,,,30 minutes walking = 2 km (approximately),????? ??? ?? ??????? 2?? ???? ??????30  
select_one place,secondary_school_place,How far is the closest functioning secondary school to your location?,?? ???? ???? ????? ?????? ???? ?? ??????,,,yes,,,,,,,,,30 minutes walking = 2 km (approximately),????? ??? ?? ??????? 2?? ???? ??????30  
end group,,,,,,,,,,,,,,,,
begin group,livelihoods,Livelihoods survey,?????? ????????,${calc_noteligible} = 0,,,,,,,,,,,,
select_multiple livelihood_type,primary_livelihood,What were your household's primary income sources over the last 30 days?  (do not read out from list),???? ???? ????? ????? ???????? ?????? ?????? ?? ??? ??? 30 ???? ???????? (3 ??? ????) ( ?? ???? ?? ??????? ),,,yes,,"Cannot select ""None"" together with any other option",?? ????? ????? ( ????? ) ?? ???? ???,,,,,,,
text,primary_livelihood_other,"if other, specify please","??? ????, ?????? ?????","selected(${primary_livelihood},'other')",,yes,,,,,,,,,,
begin group,income,What was your household's total income in Iraqi Dinars over the last 30 days from the following sources:,?? ?? ?????? ??? ????? ???????? ??????? ???? ???????? ????? ??????? ?? ??????? ???????:,,,,,,,,field-list,,,,"Please enter the FULL IQD amount (i.e. 1,000 IQD)",?????? ????? ????? ???? ???? ???????? ??????? ( ????: 1000 ?????)
integer,inc_employment,Employment,???????,"selected(${primary_livelihood},'Employment')",.=0 or .>=9999  and .<= 10000000,yes,,,,,,,,,,
integer,inc_remittances,Remittances,?????????/????????,"selected(${primary_livelihood},'Remittences')",.=0 or .>=9999  and .<= 10000000,yes,,,,,,,,,,
integer,inc_humaid,Humanitarian aid,????????? ?????????,"selected(${primary_livelihood},'NGO_charity_assistance')",.=0 or .>=9999  and .<= 10000000,yes,,,,,,,,,,
integer,inc_debt,Borrowing money,?????? ?????,"selected(${primary_livelihood},'Loans_debts')",.=0 or .>=9999  and .<= 10000000,yes,,,,,,,,,,
integer,inc_pension,Pension,???? ?????,"selected(${primary_livelihood},'Retirement_pension')",.=0 or .>=9999  and .<= 10000000,yes,,,,,,,,,,
integer,inc_selling_assets,Selling household assets,??? ???? ??????,"selected(${primary_livelihood},'Selling_assets')",.=0 or .>=9999  and .<= 10000000,yes,,,,,,,,,,
integer,inc_momd,MOMD cash assistance,?????? ????? ?? ????? ?????? ?????????,"selected(${primary_livelihood},'MODM_cash_assistance')",.=0 or .>=9999  and .<= 10000000,yes,,,,,,,,,,
integer,inc_molsa,Social Protection Network (MOLSA),???? ??????? ?????????? (MOLSA),"selected(${primary_livelihood},'Social_service')",.=0 or .>=9999  and .<= 10000000,yes,,,,,,,,,,
integer,inc_other_safety,Other safety nets,????? ??????? ?????? ??????,"selected(${primary_livelihood},'Social_service')",.=0 or .>=9999  and .<= 10000000,yes,,,,,,,,,,
integer,inc_other,Other income source,???? ??? ???,"selected(${primary_livelihood},'other')",.=0 or .>=9999  and .<= 10000000,yes,,,,,,,,,,
calculate,tot_income,,,,,,,,,,,,,"coalesce(${inc_employment},0)+coalesce(${inc_remittances},0)+coalesce(${inc_humaid},0)+coalesce(${inc_debt},0)+coalesce(${inc_pension},0)+coalesce(${inc_selling_assets},0)+coalesce(${inc_momd},0)+coalesce(${inc_molsa},0)+coalesce(${inc_other_safety},0)+coalesce(${inc_other},0)",,
end group,,,,,,,,,,,,,,,,
note,income_note,Total income in IQDs over the last 30 days: ${tot_income},????? ????? ???????? ??????? ???? ??30 ???? ??????? ??  ${tot_income},,,,,,,,,,,,,
select_multiple employment,employment_source,What were the main sources of occupation / employment? ,???? ???? ??????? ???????? ????? ?? ????????,"selected(${primary_livelihood},'Employment')",,yes,,,,,,,,,,
text,employment_source_other,"if other, specify please","??? ????, ?????? ?????","selected(${employment_source},'other')",,yes,,,,,,,,,,
select_one YNDD,employment_seasonal,Is this employment seasonal/temporary? ,?? ??? ??????? ????? ?? ???????,"selected(${primary_livelihood},'Employment')",,yes,,,,,,,,,,
begin group,expenses,"In total, how much Iraqi Dinars did your household spend on basic needs over the last 30 days in IQD?","???? ?????? ??30 ???????,?? ?? ????? ???????? ???? ????? ?????? ?????????? ???????? ?????? ???????? ??????? ?",,,,,,,,field-list,,,,"Please enter the FULL IQD amount (i.e. 1,000 IQD)",?????? ????? ????? ???? ???? ???????? ??????? ( ????: 1000 ?????)
integer,rent_exp_basic_needs,Rent, ???????,,.=0 or .>=999 and .<= 10000000,yes,,,,,,,,,,
integer,shelter_exp_basic_needs,Shelter maintenance, ????? ?????? ????? ??,,.=0 or .>=999 and .<= 10000000,yes,,,,,,,,,,
integer,food_exp_basic_needs,Food, ??????,,.=0 or .>=999 and .<= 10000000,yes,,,,,,,,,,
integer,electric_exp_basic_needs,Electricity,???????? ,,.=0 or .>=999 and .<= 10000000,yes,,,,,,,,,,
integer,medical_exp_basic_needs,Medical Care (including medicines),??????? ?????? (??? ???? ???????),,.=0 or .>=999 and .<= 10000000,yes,,,,,,,,,,
integer,education_exp_basic_needs,Education,??????? ,,.=0 or .>=999 and .<= 10000000,yes,,,,,,,,,,
integer,water_exp_basic_needs,Water,?????  ,,.=0 or .>=999 and .<= 10000000,yes,,,,,,,,,,
integer,NFI_exp_basic_needs,Non-Food (household) items,?????? ??? ???????? ( ??????),,.=0 or .>=999 and .<= 10000000,yes,,,,,,,,,,
integer,transportation_exp_basic_needs,Transportaion,?????????,,.=0 or .>=999 and .<= 10000000,yes,,,,,,,,,,
integer,communication_exp_basic_needs,Communication,?????????,,.=0 or .>=999 and .<= 10000000,yes,,,,,,,,,,
integer,debt_exp_basic_needs,Debt payment,???? ?????,,.=0 or .>=999 and .<= 10000000,yes,,,,,,,,,,
integer,productive_assets,Productive assets,??????? ??????? ( ???????? ?? ????? ??????? ?? ????? ?????),,.=0 or .>=999 and .<= 10000000,yes,,,,,,,,,,
integer,other_payment_exp_basic_needs,Other payment,????? ????,,.=0 or .>=999 and .<= 10000000,yes,,,,,,,,,,
calculate,tot_expenditure,,,,,,,,,,,,,${rent_exp_basic_needs}+${shelter_exp_basic_needs}+${food_exp_basic_needs}+${medical_exp_basic_needs}+${education_exp_basic_needs}+${electric_exp_basic_needs}+${water_exp_basic_needs}+${debt_exp_basic_needs}+${NFI_exp_basic_needs}+${communication_exp_basic_needs}+${transportation_exp_basic_needs}+${other_payment_exp_basic_needs},,
end group,,,,,,,,,,,,,,,,
text,payment_exp_basic_needs_other,Please describe on what was the other payment?,???? ??? ???? ???? ??? ???????? ??????,${other_payment_exp_basic_needs}>0,,yes,,,,,,,,,,
note,expenditure_note,Total expenditure in IQDs over the last 30 days on all basic needs: ${tot_expenditure},????? ???????? ???????? ??????? ???? ??30 ??? ?????? ???? ?? ?????? ??? ???? ??????????  ????????    ${tot_expenditure},,,,,,,,,,,,,
integer,how_much_debt,"What is your household's total amount of debt, in IQD? ","???????? ???????,?? ?? ????? ??????? ??? ?????  ?",,.=0 or .>=999,yes,,,,,,,,,,
select_one reasons_for_debt,reasons_for_debt,What was the primary reason behind taking on debt? ,?? ?? ??? ????? ??????? ???? ?????? ??????,${how_much_debt}>0,,yes,,,,,,,,,,
text,other_reasons_for_debt,"If other, specify please","??? ????, ?????? ?????","selected(${reasons_for_debt},'other')",,yes,,,,,,,,,,
select_multiple borrow_money,borrowing_from,Who did you borrow money from? (select all that apply),???? ???????? ??????,${how_much_debt}>0,,yes,,,,,,,,,,
text,borrowing_from_other,"if other, please describe",??? ???? ?????? ?????,"selected(${borrowing_from},'other')",,yes,,,,,,,,,,
select_one place3,market_place,How far is the closest functioning market that you have been able to access in the past month? ,?? ???? ???? ??? ???? ?????? ?????? ???? ?? ????? ???????,,,yes,,,,,,,,,30 minutes walking = 2 km (approximately),????? ??? ?? ??????? 2?? ???? ??????30  
select_multiple market_items,market_items,"If yes, what is available on the market?",??? ??? ???????? ?? ?? ?????? ???????? ?? ??? ??????,"not(selected(${market_place},'none') or selected(${market_place},'do_not_know'))",,yes,,,,,,,,,,
text,market_items_other,"if other, please describe",??? ???? ?????? ?????,"selected(${market_items},'other')",,,,,,,,,,,,
end group,,,?????? ????????,,,,,,,,,,,,,
select_multiple Needs,priority_needs,What are your top 3 priority needs? (Do not read out the list),?? ?? ?????????? ?????? ???????? ??? ?????? ?( ?? ???? ?? ??????? ),${calc_noteligible} = 0,count-selected(.)<=3,yes,,You cannot select more than 3 options.,?????? ????? 3 ???????? ???,,,,,,,
text,other_priority_needs,"If other, please describe","??? ??? ?????? ??? ,?????? ????? ","selected(${priority_needs},'other')",,yes,,,,,,,,,,
begin group,accountability,Accountability to affected populations,???????? ??? ?????? ?????????,${calc_noteligible} = 0,,,,,,,,,,,,
select_multiple info_aid,info_aid,What type of information would you like to receive from aid providers (top 3)? Please specify your top 3 priorities.,????? ????????? ???? ???? ?? ?????? ????? ?? ????? ???????? ( ???? ??? 3),,count-selected(.)<=3,yes,,You cannot select more than 3 options.,,,,,,,,
text,info_aid_other,"if other, please describe","??? ??? ?????? ??? ,?????? ????? ","selected(${info_aid},'other')",,yes,,,,,,,,,,
select_multiple info_provider,info_provider,"Who/where would you prefer to receive information from (top 3)?
",??? ?? ?? ??? ???? ???? ??? ?????????? ???? ??? 3,,count-selected(.)<=3,yes,,You cannot select more than 3 options.,,,,,,,,
text,info_provider_other,"if other, please describe","??? ??? ?????? ??? ,?????? ????? ","selected(${info_provider},'other')",,yes,,,,,,,,,,
select_multiple info_mode,info_mode,What is your preferred mode of receiving the information (top 3)?,???? ??????? ??????? ???? ????? ????????? ( ???? ??? 3)?,,count-selected(.)<=3,yes,,You cannot select more than 3 options.,,,,,,,,
text,info_mode_other,"if other, please describe","??? ??? ?????? ??? ,?????? ????? ","selected(${info_mode},'other')",,yes,,,,,,,,,,
select_one YND,aid_received,"Have you received aid in the past 30 days?
",?? ?????? ?????? ?? ??????? ???? ??30 ???? ????????,,,yes,,,,,,,,,,
select_multiple aid_type,aid_type,What type of assistance/aid did you receive? ,????? ???????? ???? ?????????,"selected(${aid_received},'yes')",,yes,,,,,,,,,,
select_one YNDD,aid_satisfaction,"If you have received aid in the last 30 days, are you satisfied with the aid you received?
",??? ???? ?? ??? ???? ?? ???????? ???? ?????????,"selected(${aid_received},'yes')",,yes,,,,,,,,,,
select_one aid_not_satisfied,aid_not_satisfied,"If you have received aid in the last 30 days and were not satisfied, why were you not satisfied with the aid received?",??? ??? ?? ????? ???????? ???? ??30 ???? ??????? ??? ??? ????? ???? ????? ??? ?????,"selected(${aid_satisfaction},'no')",,yes,,,,,,,,,,
text,aid_not_satisfied_other,"if other, please describe","??? ??? ?????? ??? ,?????? ????? ","selected(${aid_not_satisfied},'other')",,,,,,,,,,,,
select_one YNDD,aid_workers_satisfied,Are you satisfied with the way aid workers have behaved in the last 6 months in your location?  ,?? ??? ???? ?? ??????? ???? ??? ?? ???? ??????? ???? ??6 ???? ??????? ?? ??????,,,yes,,,,,,,,,,
text,aid_workers_whyno,"If not, why not?",??? ???? ???????,"selected(${aid_workers_satisfied},'no')",,yes,,,,,,,,,,
select_multiple aid_feedback,aid_feedback,"How would you prefer to provide feedback to aid providers about the quality, quantity and appropriateness of the aid you will receive (top 3)?  ",??? ???? ????? ??????? ?????? ????????? ??? ???? ????? ??????? ??????? ???? ????? ????? (???? 3 ??? ????)?,,count-selected(.)<=3,yes,,You cannot select more than 3 options.,,,,,,,,
text,aid_feedback_other,"if other, please describe","??? ??? ?????? ??? ,?????? ????? ","selected(${aid_feedback},'other')",,yes,,,,,,,,,,
select_one YNDD,community_decision_making,Do you feel like you have a say in decisions that affect your community?,?? ???? ????? ???? ??? ?? ???????? ???? ???? ??? ???????,,,yes,,,,,,,,,,
select_one YNDD,complaint_mechanisms,Are you aware of how to access complaint mechanisms?,,"selected(${aid_received},'yes')",,,,,,,,,,,,
select_one Yes_No,info_specific_needs,Are you aware of any people who may be unable to access available information because of specific needs? ,,,,,,,,,,,,,,
end group,,,,,,,,,,,,,,,,
begin group,Contact_group,Contact,?????,${calc_noteligible} = 0,,,,,,,,,,,,
select_one Yes_No,further_contact_willing,Are you prepared to provide your details so that we can contact you by telephone to take part in other future assessments about your area of origin?,?? ??? ????? ?????? ???????? ?????? ?? ???? ?????? ??????? ?? ??? ?????? ?? ???????? ?? ??? ???????? ?? ????????? ?????? ?? ?????? ?????? ? ,,,yes,,,,,,,,,,
begin group,contact_details,Please provide your contact details:,???? ????? ?????? ??????? ?????? ??,"selected(${further_contact_willing},'yes')",,,,,,,field-list,,,,,
text,contact_details_name,Full name,????? ??????,"selected(${further_contact_willing}, 'yes')",,yes,,,,,,,,,,
text,contact_details_telephone,Telephone number,??? ??????,"selected(${further_contact_willing}, 'yes')","regex(., '^[0]{1}[0-9]{10}$')",yes,,should be 11 digits and start with 0,????? ?? ???? 11 ????? ????? ?? 0,,,,,,,
end group,,,,,,,,,,,,,,,,
end group,,,,,,,,,,,,,,,,
geopoint,gpslocation,Record the current location within 5 meters of accuracy,?????? ????? ?????? ??? ????? 5 ????? ?? ????,${calc_noteligible} = 0,,,,,,,,,,,,
note,thanks,END OF SURVEY - THANK YOU FOR YOUR TIME please exit the form and submit it,????? ????????? ???? ????? ?????? ????? ????????? ????????.,,,,,,,,,,,,,
