"","dependent.var","independent.var","dependent.var.value","independent.var.value","numbers","se","min","max","repeat.var","repeat.var.value"
"dependent.var","lsg_ed","ones",NA,"ones",1.61538461538462,NA,1.37220006264812,1.85856916812111,"district","al.kaim"
"dependent.var1","lsg_ed","ones",NA,"ones",1.1280487804878,NA,1.03970496198466,1.21639259899095,"district","haditha"
"dependent.var2","lsg_ed","ones",NA,"ones",1.84057971014493,NA,1.59237393296029,2.08878548732956,"district","al.rutba"
"dependent.var3","lsg_ed","ones",NA,"ones",1.35126582278481,NA,1.25705036692528,1.44548127864434,"district","khanaqin"
"dependent.var4","lsg_ed","ones",NA,"ones",1.68571428571429,NA,1.44800389257894,1.92342467884963,"district","al.adhamiya"
"dependent.var5","lsg_ed","ones",NA,"ones",1.39130434782609,NA,1.22411787371806,1.55849082193411,"district","kalar"
"dependent.var6","lsg_ed","ones",NA,"ones",1.25925925925926,NA,1.11952141668861,1.3989971018299,"district","al.hatra"
"dependent.var7","lsg_ed","ones",NA,"ones",1,NA,1,1,"district","al.muqdadiya"
"dependent.var8","lsg_ed","ones",NA,"ones",1.56235294117647,NA,1.46788834135516,1.65681754099778,"district","sumail"
"dependent.var9","lsg_ed","ones",NA,"ones",1.7,NA,1.18535597100063,2.21464402899937,"district","rawanduz"
"dependent.var10","lsg_ed","ones",NA,"ones",2.02415458937198,NA,1.92118735402771,2.12712182471626,"district","al.mosul"
"dependent.var11","lsg_ed","ones",NA,"ones",1.77507598784195,NA,1.65087202909784,1.89927994658605,"district","al.shikhan"
"dependent.var12","lsg_ed","ones",NA,"ones",1.41269841269841,NA,1.19257179879275,1.63282502660408,"district","balad"
"dependent.var13","lsg_ed","ones",NA,"ones",1.62758620689655,NA,1.44769787583036,1.80747453796274,"district","al.mahmoudiya"
"dependent.var14","lsg_ed","ones",NA,"ones",1.6056338028169,NA,1.34048495599654,1.87078264963726,"district","ana"
"dependent.var15","lsg_ed","ones",NA,"ones",1.89763779527559,NA,1.68880354907524,2.10647204147594,"district","sinjar"
"dependent.var16","lsg_ed","ones",NA,"ones",1.23255813953488,NA,1.0081550255386,1.45696125353117,"district","al.diwaniya"
"dependent.var17","lsg_ed","ones",NA,"ones",1.07894736842105,NA,0.964869100172026,1.19302563667008,"district","kerbela"
"dependent.var18","lsg_ed","ones",NA,"ones",1.16666666666667,NA,1.0347192514355,1.29861408189784,"district","al.hindiya"
"dependent.var19","lsg_ed","ones",NA,"ones",1.61946902654867,NA,1.39728657225974,1.84165148083761,"district","al.ramadi"
"dependent.var20","lsg_ed","ones",NA,"ones",1.68965517241379,NA,1.5421224181561,1.83718792667149,"district","tikrit"
"dependent.var21","lsg_ed","ones",NA,"ones",1.60621761658031,NA,1.45794496984592,1.75449026331471,"district","erbil"
"dependent.var22","lsg_ed","ones",NA,"ones",1.83233532934132,NA,1.65880673055099,2.00586392813165,"district","tilkaef"
"dependent.var23","lsg_ed","ones",NA,"ones",1.71014492753623,NA,1.5716803023191,1.84860955275336,"district","al.shirqat"
"dependent.var24","lsg_ed","ones",NA,"ones",1.83823529411765,NA,1.71095155997416,1.96551902826113,"district","kirkuk"
"dependent.var25","lsg_ed","ones",NA,"ones",1.61904761904762,NA,1.14132099891041,2.09677423918483,"district","samarra"
"dependent.var26","lsg_ed","ones",NA,"ones",2.37362637362637,NA,2.09017364467056,2.65707910258218,"district","chamchamal"
"dependent.var27","lsg_ed","ones",NA,"ones",1.74193548387097,NA,1.50427106937287,1.97959989836907,"district","al.hawiga"
"dependent.var28","lsg_ed","ones",NA,"ones",1.83116883116883,NA,1.5336946714325,2.12864299090516,"district","al.risafa"
"dependent.var29","lsg_ed","ones",NA,"ones",1.66666666666667,NA,1.38173332623932,1.95160000709401,"district","shaqlawa"
"dependent.var30","lsg_ed","ones",NA,"ones",1.1,NA,0.98877590372556,1.21122409627444,"district","al.kut"
"dependent.var31","lsg_ed","ones",NA,"ones",1.6258064516129,NA,1.45172867884062,1.79988422438518,"district","al.sulaymaniyah"
"dependent.var32","lsg_ed","ones",NA,"ones",1.6625,NA,1.42361249236956,1.90138750763045,"district","duhok"
"dependent.var33","lsg_ed","ones",NA,"ones",1.84615384615385,NA,1.58640401898839,2.1059036733193,"district","koysinjaq"
"dependent.var34","lsg_ed","ones",NA,"ones",1.6195652173913,NA,1.39935386179632,1.83977657298629,"district","heet"
"dependent.var35","lsg_ed","ones",NA,"ones",2.06666666666667,NA,1.86986804704271,2.26346528629062,"district","telafar"
"dependent.var36","lsg_ed","ones",NA,"ones",1.58441558441558,NA,1.34584948287961,1.82298168595156,"district","rania"
"dependent.var37","lsg_ed","ones",NA,"ones",1.45070422535211,NA,1.20269665016066,1.69871180054357,"district","al.karkh"
"dependent.var38","lsg_ed","ones",NA,"ones",1.51639344262295,NA,1.34838746603883,1.68439941920707,"district","aqra"
"dependent.var39","lsg_ed","ones",NA,"ones",1.62820512820513,NA,1.38012985744647,1.87628039896379,"district","derbendikhan"
"dependent.var40","lsg_ed","ones",NA,"ones",1.71428571428571,NA,1.18797482416766,2.24059660440377,"district","al.basrah"
"dependent.var41","lsg_ed","ones",NA,"ones",2.01204819277108,NA,1.81890775056976,2.20518863497241,"district","daquq"
"dependent.var42","lsg_ed","ones",NA,"ones",1.29545454545455,NA,1.04393026565534,1.54697882525375,"district","al.suwaira"
"dependent.var43","lsg_ed","ones",NA,"ones",1.67796610169492,NA,1.37294034571538,1.98299185767445,"district","kifri"
"dependent.var44","lsg_ed","ones",NA,"ones",1.66037735849057,NA,1.47054761112019,1.85020710586094,"district","al.kadhmiyah"
"dependent.var45","lsg_ed","ones",NA,"ones",2.06153846153846,NA,1.85429010077544,2.26878682230149,"district","beygee"
"dependent.var46","lsg_ed","ones",NA,"ones",2.00789473684211,NA,1.87693609100388,2.13885338268033,"district","al.hamdaniya"
"dependent.var47","lsg_ed","ones",NA,"ones",1.43939393939394,NA,1.20710674279585,1.67168113599203,"district","halabcha"
"dependent.var48","lsg_ed","ones",NA,"ones",1.85454545454545,NA,1.4970024826767,2.21208842641421,"district","al.mussyab"
"dependent.var49","lsg_ed","ones",NA,"ones",1.69724770642202,NA,1.48735149249784,1.9071439203462,"district","dibis"
"dependent.var50","lsg_ed","ones",NA,"ones",1.91111111111111,NA,1.66403709151198,2.15818513071024,"district","tooz.khurmato"
"dependent.var51","lsg_ed","ones",NA,"ones",1.42465753424658,NA,1.21553525796275,1.6337798105304,"district","dokan"
"dependent.var52","lsg_ed","ones",NA,"ones",1.02352941176471,NA,0.977412612128469,1.06964621140094,"district","al.kahla"
"dependent.var53","lsg_ed","ones",NA,"ones",1.76315789473684,NA,1.54705547965154,1.97926030982214,"district","makhmour"
"dependent.var54","lsg_ed","ones",NA,"ones",1.57671957671958,NA,1.41425616481476,1.7391829886244,"district","al.falluja"
"dependent.var55","lsg_ed","ones",NA,"ones",1.41,NA,1.22292761325448,1.59707238674552,"district","al.kufa"
"dependent.var56","lsg_ed","ones",NA,"ones",1.33663366336634,NA,1.17282018720719,1.50044713952548,"district","al.amadiya"
"dependent.var57","lsg_ed","ones",NA,"ones",1.04444444444444,NA,0.983195739851162,1.10569314903773,"district","al.nasiriya"
"dependent.var58","lsg_ed","ones",NA,"ones",1.2,NA,1.09002384772719,1.30997615227281,"district","al.najaf"
"dependent.var59","lsg_ed","ones",NA,"ones",1.27272727272727,NA,1.01495130092992,1.53050324452463,"district","baquba"
"dependent.var60","lsg_ed","ones",NA,"ones",1.08,NA,0.988960237119953,1.17103976288005,"district","al.khalis"
"dependent.var61","lsg_ed","ones",NA,"ones",2.28571428571429,NA,1.87152671674015,2.69990185468842,"district","al.baaj"
"dependent.var62","lsg_ed","ones",NA,"ones",1.56569343065693,NA,1.44852646136714,1.68286039994673,"district","zakho"
"dependent.var63","lsg_el","ones",NA,"ones",2.24675324675325,NA,2.15067171960802,2.34283477389847,"district","al.kaim"
"dependent.var64","lsg_el","ones",NA,"ones",1.83408071748879,NA,1.74738580424753,1.92077563073005,"district","haditha"
"dependent.var65","lsg_el","ones",NA,"ones",2.67088607594937,NA,2.56079064234747,2.78098150955127,"district","al.rutba"
"dependent.var66","lsg_el","ones",NA,"ones",1.95652173913043,NA,1.9082432250425,2.00480025321837,"district","khanaqin"
"dependent.var67","lsg_el","ones",NA,"ones",1.6,NA,1.49953855142998,1.70046144857002,"district","al.adhamiya"
"dependent.var68","lsg_el","ones",NA,"ones",1.87150837988827,NA,1.79383171188216,1.94918504789437,"district","kalar"
"dependent.var69","lsg_el","ones",NA,"ones",2.27044025157233,NA,2.1630849927276,2.37779551041705,"district","al.hatra"
"dependent.var70","lsg_el","ones",NA,"ones",1.87878787878788,NA,1.73518297474219,2.02239278283357,"district","al.muqdadiya"
"dependent.var71","lsg_el","ones",NA,"ones",2.35444947209653,NA,2.30807608945526,2.4008228547378,"district","sumail"
"dependent.var72","lsg_el","ones",NA,"ones",2.35714285714286,NA,2.12748490045092,2.5868008138348,"district","rawanduz"
"dependent.var73","lsg_el","ones",NA,"ones",2.46680497925311,NA,2.42831920854587,2.50529074996036,"district","al.mosul"
"dependent.var74","lsg_el","ones",NA,"ones",2.41151385927505,NA,2.35639682204202,2.46663089650809,"district","al.shikhan"
"dependent.var75","lsg_el","ones",NA,"ones",2.46666666666667,NA,2.34996125281865,2.58337208051469,"district","balad"
"dependent.var76","lsg_el","ones",NA,"ones",1.94545454545455,NA,1.8649201619796,2.02598892892949,"district","al.mahmoudiya"
"dependent.var77","lsg_el","ones",NA,"ones",2.30434782608696,NA,2.2084958621061,2.40019979006782,"district","ana"
"dependent.var78","lsg_el","ones",NA,"ones",2.59345794392523,NA,2.52022858457993,2.66668730327053,"district","sinjar"
"dependent.var79","lsg_el","ones",NA,"ones",1.37362637362637,NA,1.27368108411709,1.47357166313566,"district","al.diwaniya"
"dependent.var80","lsg_el","ones",NA,"ones",1.62068965517241,NA,1.50396886123777,1.73741044910705,"district","kerbela"
"dependent.var81","lsg_el","ones",NA,"ones",1.22826086956522,NA,1.16560306464644,1.290918674484,"district","al.hindiya"
"dependent.var82","lsg_el","ones",NA,"ones",1.9047619047619,NA,1.81044262277324,1.99908118675057,"district","al.ramadi"
"dependent.var83","lsg_el","ones",NA,"ones",2.52835820895522,NA,2.46593971868787,2.59077669922258,"district","tikrit"
"dependent.var84","lsg_el","ones",NA,"ones",2.2742474916388,NA,2.19396109569496,2.35453388758263,"district","erbil"
"dependent.var85","lsg_el","ones",NA,"ones",2.39908256880734,NA,2.32247026926898,2.4756948683457,"district","tilkaef"
"dependent.var86","lsg_el","ones",NA,"ones",2.71018276762402,NA,2.66081291058414,2.7595526246639,"district","al.shirqat"
"dependent.var87","lsg_el","ones",NA,"ones",2.17901234567901,NA,2.12740404440143,2.2306206469566,"district","kirkuk"
"dependent.var88","lsg_el","ones",NA,"ones",2.08571428571429,NA,1.8828955750674,2.28853299636117,"district","samarra"
"dependent.var89","lsg_el","ones",NA,"ones",2.15454545454545,NA,2.05589924671432,2.25319166237658,"district","chamchamal"
"dependent.var90","lsg_el","ones",NA,"ones",2.54166666666667,NA,2.44083846764047,2.64249486569286,"district","al.hawiga"
"dependent.var91","lsg_el","ones",NA,"ones",1.79166666666667,NA,1.68609004011407,1.89724329321926,"district","al.risafa"
"dependent.var92","lsg_el","ones",NA,"ones",2.31132075471698,NA,2.18163784713174,2.44100366230222,"district","shaqlawa"
"dependent.var93","lsg_el","ones",NA,"ones",1.6,NA,1.46352562552547,1.73647437447453,"district","al.kut"
"dependent.var94","lsg_el","ones",NA,"ones",2.03463203463203,NA,1.95499138727706,2.11427268198701,"district","al.sulaymaniyah"
"dependent.var95","lsg_el","ones",NA,"ones",2.29906542056075,NA,2.18497795466975,2.41315288645174,"district","duhok"
"dependent.var96","lsg_el","ones",NA,"ones",2.32283464566929,NA,2.19718700435419,2.4484822869844,"district","koysinjaq"
"dependent.var97","lsg_el","ones",NA,"ones",2.52482269503546,NA,2.42504050549528,2.62460488457564,"district","heet"
"dependent.var98","lsg_el","ones",NA,"ones",2.50738916256158,NA,2.41934931105654,2.59542901406661,"district","telafar"
"dependent.var99","lsg_el","ones",NA,"ones",2.13392857142857,NA,2.01867172709152,2.24918541576563,"district","rania"
"dependent.var100","lsg_el","ones",NA,"ones",1.60185185185185,NA,1.49890787109429,1.70479583260941,"district","al.karkh"
"dependent.var101","lsg_el","ones",NA,"ones",2.29439252336449,NA,2.19618030806698,2.39260473866199,"district","aqra"
"dependent.var102","lsg_el","ones",NA,"ones",2.09821428571429,NA,1.97155313231041,2.22487543911816,"district","derbendikhan"
"dependent.var103","lsg_el","ones",NA,"ones",1.17341040462428,NA,1.09907923451027,1.24774157473828,"district","al.basrah"
"dependent.var104","lsg_el","ones",NA,"ones",2.11013215859031,NA,2.04879344016117,2.17147087701945,"district","daquq"
"dependent.var105","lsg_el","ones",NA,"ones",1.69791666666667,NA,1.56772673189486,1.82810660143847,"district","al.suwaira"
"dependent.var106","lsg_el","ones",NA,"ones",1.80188679245283,NA,1.7056394577957,1.89813412710996,"district","kifri"
"dependent.var107","lsg_el","ones",NA,"ones",2.01509433962264,NA,1.93193627285185,2.09825240639343,"district","al.kadhmiyah"
"dependent.var108","lsg_el","ones",NA,"ones",2.37430167597765,NA,2.27252149315991,2.4760818587954,"district","beygee"
"dependent.var109","lsg_el","ones",NA,"ones",2.396933560477,NA,2.34425230916493,2.44961481178907,"district","al.hamdaniya"
"dependent.var110","lsg_el","ones",NA,"ones",1.89130434782609,NA,1.76116057030649,2.02144812534568,"district","halabcha"
"dependent.var111","lsg_el","ones",NA,"ones",1.97619047619048,NA,1.82057219831824,2.13180875406272,"district","al.mussyab"
"dependent.var112","lsg_el","ones",NA,"ones",2.18181818181818,NA,2.10424552082546,2.2593908428109,"district","dibis"
"dependent.var113","lsg_el","ones",NA,"ones",2.50194552529183,NA,2.43610293154155,2.56778811904211,"district","tooz.khurmato"
"dependent.var114","lsg_el","ones",NA,"ones",2.14678899082569,NA,2.05179823586868,2.2417797457827,"district","dokan"
"dependent.var115","lsg_el","ones",NA,"ones",1.28813559322034,NA,1.20937462136045,1.36689656508023,"district","al.kahla"
"dependent.var116","lsg_el","ones",NA,"ones",2.30864197530864,NA,2.20244772159283,2.41483622902446,"district","makhmour"
"dependent.var117","lsg_el","ones",NA,"ones",1.9971098265896,NA,1.92880047436831,2.06541917881089,"district","al.falluja"
"dependent.var118","lsg_el","ones",NA,"ones",1.50515463917526,NA,1.41427792691255,1.59603135143797,"district","al.kufa"
"dependent.var119","lsg_el","ones",NA,"ones",2.30188679245283,NA,2.2033405415982,2.40043304330746,"district","al.amadiya"
"dependent.var120","lsg_el","ones",NA,"ones",1.20945945945946,NA,1.13369851384455,1.28522040507437,"district","al.nasiriya"
"dependent.var121","lsg_el","ones",NA,"ones",1.78260869565217,NA,1.71914465327646,1.84607273802789,"district","al.najaf"
"dependent.var122","lsg_el","ones",NA,"ones",2.29166666666667,NA,2.16542928582713,2.41790404750621,"district","baquba"
"dependent.var123","lsg_el","ones",NA,"ones",2.37327188940092,NA,2.28992304695993,2.45662073184191,"district","al.khalis"
"dependent.var124","lsg_el","ones",NA,"ones",2.54901960784314,NA,2.41109687734222,2.68694233834405,"district","al.baaj"
"dependent.var125","lsg_el","ones",NA,"ones",2.38481012658228,NA,2.3291507130411,2.44046954012346,"district","zakho"
"dependent.var126","lsg_fs","ones",NA,"ones",1.89032258064516,NA,1.79113242803365,1.98951273325668,"district","al.kaim"
"dependent.var127","lsg_fs","ones",NA,"ones",1.32735426008969,NA,1.26562745480358,1.3890810653758,"district","haditha"
"dependent.var128","lsg_fs","ones",NA,"ones",1.86075949367089,NA,1.69239835188015,2.02912063546162,"district","al.rutba"
"dependent.var129","lsg_fs","ones",NA,"ones",1.60079051383399,NA,1.55184460767585,1.64973641999213,"district","khanaqin"
"dependent.var130","lsg_fs","ones",NA,"ones",1.25287356321839,NA,1.17890533689736,1.32684178953942,"district","al.adhamiya"
"dependent.var131","lsg_fs","ones",NA,"ones",1.4804469273743,NA,1.39925141266145,1.56164244208716,"district","kalar"
"dependent.var132","lsg_fs","ones",NA,"ones",1.34591194968553,NA,1.27174328884797,1.4200806105231,"district","al.hatra"
"dependent.var133","lsg_fs","ones",NA,"ones",1.46969696969697,NA,1.33441078409937,1.60498315529457,"district","al.muqdadiya"
"dependent.var134","lsg_fs","ones",NA,"ones",1.55135951661631,NA,1.50927433527396,1.59344469795867,"district","sumail"
"dependent.var135","lsg_fs","ones",NA,"ones",1.61904761904762,NA,1.40832555530211,1.82976968279313,"district","rawanduz"
"dependent.var136","lsg_fs","ones",NA,"ones",1.67116182572614,NA,1.62787760129642,1.71444605015586,"district","al.mosul"
"dependent.var137","lsg_fs","ones",NA,"ones",1.59061833688699,NA,1.54229971095845,1.63893696281554,"district","al.shikhan"
"dependent.var138","lsg_fs","ones",NA,"ones",2.23863636363636,NA,2.03829931329339,2.43897341397934,"district","balad"
"dependent.var139","lsg_fs","ones",NA,"ones",1.75454545454545,NA,1.65642713792675,1.85266377116416,"district","al.mahmoudiya"
"dependent.var140","lsg_fs","ones",NA,"ones",1.95652173913043,NA,1.83578864846724,2.07725482979363,"district","ana"
"dependent.var141","lsg_fs","ones",NA,"ones",1.76279069767442,NA,1.676636084811,1.84894531053784,"district","sinjar"
"dependent.var142","lsg_fs","ones",NA,"ones",1.17582417582418,NA,1.09717827939705,1.2544700722513,"district","al.diwaniya"
"dependent.var143","lsg_fs","ones",NA,"ones",1.81034482758621,NA,1.71164743466921,1.9090422205032,"district","kerbela"
"dependent.var144","lsg_fs","ones",NA,"ones",1.52173913043478,NA,1.44187161011213,1.60160665075743,"district","al.hindiya"
"dependent.var145","lsg_fs","ones",NA,"ones",1.23280423280423,NA,1.16561481151017,1.29999365409829,"district","al.ramadi"
"dependent.var146","lsg_fs","ones",NA,"ones",1.80654761904762,NA,1.7259320897634,1.88716314833183,"district","tikrit"
"dependent.var147","lsg_fs","ones",NA,"ones",1.59866220735786,NA,1.53047651936299,1.66684789535273,"district","erbil"
"dependent.var148","lsg_fs","ones",NA,"ones",2.02739726027397,NA,1.92838592458591,2.12640859596204,"district","tilkaef"
"dependent.var149","lsg_fs","ones",NA,"ones",1.82939632545932,NA,1.75729836973453,1.90149428118411,"district","al.shirqat"
"dependent.var150","lsg_fs","ones",NA,"ones",1.62345679012346,NA,1.56809056256041,1.6788230176865,"district","kirkuk"
"dependent.var151","lsg_fs","ones",NA,"ones",2.22857142857143,NA,1.98637421298964,2.47076864415321,"district","samarra"
"dependent.var152","lsg_fs","ones",NA,"ones",1.77272727272727,NA,1.62156666445574,1.92388788099881,"district","chamchamal"
"dependent.var153","lsg_fs","ones",NA,"ones",1.65289256198347,NA,1.53400873648664,1.7717763874803,"district","al.hawiga"
"dependent.var154","lsg_fs","ones",NA,"ones",1.24305555555556,NA,1.16763333775518,1.31847777335593,"district","al.risafa"
"dependent.var155","lsg_fs","ones",NA,"ones",1.58490566037736,NA,1.43893377361109,1.73087754714362,"district","shaqlawa"
"dependent.var156","lsg_fs","ones",NA,"ones",1.7,NA,1.60150810394956,1.79849189605044,"district","al.kut"
"dependent.var157","lsg_fs","ones",NA,"ones",1.41125541125541,NA,1.3381430689368,1.48436775357402,"district","al.sulaymaniyah"
"dependent.var158","lsg_fs","ones",NA,"ones",1.32110091743119,NA,1.22941381098065,1.41278802388173,"district","duhok"
"dependent.var159","lsg_fs","ones",NA,"ones",1.62204724409449,NA,1.51264416363163,1.73145032455734,"district","koysinjaq"
"dependent.var160","lsg_fs","ones",NA,"ones",1.37323943661972,NA,1.27805858606882,1.46842028717062,"district","heet"
"dependent.var161","lsg_fs","ones",NA,"ones",1.88235294117647,NA,1.7854750333735,1.97923084897944,"district","telafar"
"dependent.var162","lsg_fs","ones",NA,"ones",1.47321428571429,NA,1.35671936497307,1.5897092064555,"district","rania"
"dependent.var163","lsg_fs","ones",NA,"ones",1.12962962962963,NA,1.06598520109004,1.19327405816922,"district","al.karkh"
"dependent.var164","lsg_fs","ones",NA,"ones",1.6093023255814,NA,1.53330179346342,1.68530285769937,"district","aqra"
"dependent.var165","lsg_fs","ones",NA,"ones",1.45535714285714,NA,1.34173967619428,1.56897460952001,"district","derbendikhan"
"dependent.var166","lsg_fs","ones",NA,"ones",1.92441860465116,NA,1.87868005486266,1.97015715443966,"district","al.basrah"
"dependent.var167","lsg_fs","ones",NA,"ones",1.52631578947368,NA,1.4580201301819,1.59461144876547,"district","daquq"
"dependent.var168","lsg_fs","ones",NA,"ones",1.52631578947368,NA,1.40956930635008,1.64306227259729,"district","al.suwaira"
"dependent.var169","lsg_fs","ones",NA,"ones",1.4811320754717,NA,1.38556374283535,1.57670040810804,"district","kifri"
"dependent.var170","lsg_fs","ones",NA,"ones",1.33079847908745,NA,1.26561229483209,1.39598466334281,"district","al.kadhmiyah"
"dependent.var171","lsg_fs","ones",NA,"ones",1.73033707865169,NA,1.61086989382806,1.84980426347531,"district","beygee"
"dependent.var172","lsg_fs","ones",NA,"ones",1.77435897435897,NA,1.71842775271044,1.83029019600751,"district","al.hamdaniya"
"dependent.var173","lsg_fs","ones",NA,"ones",1.51086956521739,NA,1.36403368692622,1.65770544350857,"district","halabcha"
"dependent.var174","lsg_fs","ones",NA,"ones",1.14285714285714,NA,1.06757592608129,1.218138359633,"district","al.mussyab"
"dependent.var175","lsg_fs","ones",NA,"ones",1.38961038961039,NA,1.31025669812056,1.46896408110022,"district","dibis"
"dependent.var176","lsg_fs","ones",NA,"ones",1.76,NA,1.67196137869416,1.84803862130584,"district","tooz.khurmato"
"dependent.var177","lsg_fs","ones",NA,"ones",1.76146788990826,NA,1.61493677440887,1.90799900540765,"district","dokan"
"dependent.var178","lsg_fs","ones",NA,"ones",1.18079096045198,NA,1.12180580072898,1.23977612017497,"district","al.kahla"
"dependent.var179","lsg_fs","ones",NA,"ones",1.77777777777778,NA,1.68535231314105,1.8702032424145,"district","makhmour"
"dependent.var180","lsg_fs","ones",NA,"ones",1.41739130434783,NA,1.35561694973519,1.47916565896046,"district","al.falluja"
"dependent.var181","lsg_fs","ones",NA,"ones",1.56701030927835,NA,1.49011699004873,1.64390362850797,"district","al.kufa"
"dependent.var182","lsg_fs","ones",NA,"ones",1.46540880503145,NA,1.38379499236089,1.54702261770201,"district","al.amadiya"
"dependent.var183","lsg_fs","ones",NA,"ones",1.32432432432432,NA,1.24865003920695,1.3999986094417,"district","al.nasiriya"
"dependent.var184","lsg_fs","ones",NA,"ones",1.48913043478261,NA,1.41065692474367,1.56760394482154,"district","al.najaf"
"dependent.var185","lsg_fs","ones",NA,"ones",2.22916666666667,NA,2.11497367316419,2.34335966016915,"district","baquba"
"dependent.var186","lsg_fs","ones",NA,"ones",2.22119815668203,NA,2.13094834964115,2.31144796372291,"district","al.khalis"
"dependent.var187","lsg_fs","ones",NA,"ones",1.94,NA,1.75084280342634,2.12915719657367,"district","al.baaj"
"dependent.var188","lsg_fs","ones",NA,"ones",1.51392405063291,NA,1.46072145629298,1.56712664497285,"district","zakho"
"dependent.var189","lsg_health","ones",NA,"ones",2.8936170212766,NA,2.65385362026773,3.13338042228546,"district","al.kaim"
"dependent.var190","lsg_health","ones",NA,"ones",1.75336322869955,NA,1.58222767491394,1.92449878248517,"district","haditha"
"dependent.var191","lsg_health","ones",NA,"ones",2.6271186440678,NA,2.24247354032059,3.011763747815,"district","al.rutba"
"dependent.var192","lsg_health","ones",NA,"ones",1.49792531120332,NA,1.39817648602575,1.59767413638089,"district","khanaqin"
"dependent.var193","lsg_health","ones",NA,"ones",1.12,NA,1.03265051801824,1.20734948198176,"district","al.adhamiya"
"dependent.var194","lsg_health","ones",NA,"ones",1.76744186046512,NA,1.57125308038828,1.96363064054195,"district","kalar"
"dependent.var195","lsg_health","ones",NA,"ones",3.65648854961832,NA,3.4922780214096,3.82069907782704,"district","al.hatra"
"dependent.var196","lsg_health","ones",NA,"ones",1.95454545454545,NA,1.61485398868899,2.29423692040192,"district","al.muqdadiya"
"dependent.var197","lsg_health","ones",NA,"ones",3.20560747663551,NA,3.10313652654514,3.30807842672589,"district","sumail"
"dependent.var198","lsg_health","ones",NA,"ones",1.92857142857143,NA,1.50405079659481,2.35309206054805,"district","rawanduz"
"dependent.var199","lsg_health","ones",NA,"ones",1.97798742138365,NA,1.88870618379453,2.06726865897277,"district","al.mosul"
"dependent.var200","lsg_health","ones",NA,"ones",2.81670533642691,NA,2.67812469659758,2.95528597625625,"district","al.shikhan"
"dependent.var201","lsg_health","ones",NA,"ones",2.48351648351648,NA,2.17363767928742,2.79339528774554,"district","balad"
"dependent.var202","lsg_health","ones",NA,"ones",2.33695652173913,NA,2.12091710806894,2.55299593540932,"district","al.mahmoudiya"
"dependent.var203","lsg_health","ones",NA,"ones",3.6015625,NA,3.42449312038023,3.77863187961977,"district","ana"
"dependent.var204","lsg_health","ones",NA,"ones",3.96703296703297,NA,3.92147021786302,4.01259571620292,"district","sinjar"
"dependent.var205","lsg_health","ones",NA,"ones",1.77777777777778,NA,1.48969015101465,2.0658654045409,"district","al.diwaniya"
"dependent.var206","lsg_health","ones",NA,"ones",1.5948275862069,NA,1.37621869141055,1.81343648100325,"district","kerbela"
"dependent.var207","lsg_health","ones",NA,"ones",2.61016949152542,NA,2.38916124733994,2.8311777357109,"district","al.hindiya"
"dependent.var208","lsg_health","ones",NA,"ones",1.55,NA,1.37994634824791,1.72005365175209,"district","al.ramadi"
"dependent.var209","lsg_health","ones",NA,"ones",3.11821086261981,NA,2.96656248735992,3.26985923787969,"district","tikrit"
"dependent.var210","lsg_health","ones",NA,"ones",2.04347826086956,NA,1.88125093824661,2.20570558349252,"district","erbil"
"dependent.var211","lsg_health","ones",NA,"ones",3.30890052356021,NA,3.12928486968871,3.48851617743171,"district","tilkaef"
"dependent.var212","lsg_health","ones",NA,"ones",2.24736842105263,NA,2.09851076546821,2.39622607663705,"district","al.shirqat"
"dependent.var213","lsg_health","ones",NA,"ones",2.69456066945607,NA,2.56108693579183,2.8280344031203,"district","kirkuk"
"dependent.var214","lsg_health","ones",NA,"ones",4,NA,4,4,"district","samarra"
"dependent.var215","lsg_health","ones",NA,"ones",2.6027397260274,NA,2.25707743870696,2.94840201334783,"district","chamchamal"
"dependent.var216","lsg_health","ones",NA,"ones",3.49107142857143,NA,3.28160804799532,3.70053480914754,"district","al.hawiga"
"dependent.var217","lsg_health","ones",NA,"ones",1.16901408450704,NA,1.05483965829855,1.28318851071553,"district","al.risafa"
"dependent.var218","lsg_health","ones",NA,"ones",1.93939393939394,NA,1.66393528821889,2.21485259056899,"district","shaqlawa"
"dependent.var219","lsg_health","ones",NA,"ones",1.3030303030303,NA,1.12404551710775,1.48201508895285,"district","al.kut"
"dependent.var220","lsg_health","ones",NA,"ones",3.1244019138756,NA,2.93905422831813,3.30974959943307,"district","al.sulaymaniyah"
"dependent.var221","lsg_health","ones",NA,"ones",1.72222222222222,NA,1.47919926482181,1.96524517962263,"district","duhok"
"dependent.var222","lsg_health","ones",NA,"ones",1.54761904761905,NA,1.344464604775,1.7507734904631,"district","koysinjaq"
"dependent.var223","lsg_health","ones",NA,"ones",2.65957446808511,NA,2.41251369769196,2.90663523847825,"district","heet"
"dependent.var224","lsg_health","ones",NA,"ones",3.7125748502994,NA,3.57825280517423,3.84689689542458,"district","telafar"
"dependent.var225","lsg_health","ones",NA,"ones",1.81818181818182,NA,1.55365528294323,2.0827083534204,"district","rania"
"dependent.var226","lsg_health","ones",NA,"ones",1.27777777777778,NA,1.11301210377431,1.44254345178124,"district","al.karkh"
"dependent.var227","lsg_health","ones",NA,"ones",2.24242424242424,NA,2.03607305933121,2.44877542551728,"district","aqra"
"dependent.var228","lsg_health","ones",NA,"ones",2.51546391752577,NA,2.21542288338821,2.81550495166333,"district","derbendikhan"
"dependent.var229","lsg_health","ones",NA,"ones",1,NA,1,1,"district","al.basrah"
"dependent.var230","lsg_health","ones",NA,"ones",1.65060240963855,NA,1.4619587503928,1.83924606888431,"district","daquq"
"dependent.var231","lsg_health","ones",NA,"ones",1.62068965517241,NA,1.36385024409849,1.87752906624634,"district","al.suwaira"
"dependent.var232","lsg_health","ones",NA,"ones",2.58823529411765,NA,2.29620629116377,2.88026429707152,"district","kifri"
"dependent.var233","lsg_health","ones",NA,"ones",2.0468085106383,NA,1.86359976707143,2.23001725420516,"district","al.kadhmiyah"
"dependent.var234","lsg_health","ones",NA,"ones",3.20833333333333,NA,2.99162103110714,3.42504563555953,"district","beygee"
"dependent.var235","lsg_health","ones",NA,"ones",3.00347826086957,NA,2.88788624154745,3.11907028019169,"district","al.hamdaniya"
"dependent.var236","lsg_health","ones",NA,"ones",2.06329113924051,NA,1.74482808433498,2.38175419414603,"district","halabcha"
"dependent.var237","lsg_health","ones",NA,"ones",1.68,NA,1.39382566654442,1.96617433345558,"district","al.mussyab"
"dependent.var238","lsg_health","ones",NA,"ones",3.47297297297297,NA,3.28842233438512,3.65752361156083,"district","dibis"
"dependent.var239","lsg_health","ones",NA,"ones",3.52100840336134,NA,3.38110605264164,3.66091075408105,"district","tooz.khurmato"
"dependent.var240","lsg_health","ones",NA,"ones",3.24175824175824,NA,2.97240322231139,3.5111132612051,"district","dokan"
"dependent.var241","lsg_health","ones",NA,"ones",1.13559322033898,NA,1.04352111132277,1.2276653293552,"district","al.kahla"
"dependent.var242","lsg_health","ones",NA,"ones",2.88461538461538,NA,2.65636793531464,3.11286283391613,"district","makhmour"
"dependent.var243","lsg_health","ones",NA,"ones",1.84923076923077,NA,1.70207226873437,1.99638926972717,"district","al.falluja"
"dependent.var244","lsg_health","ones",NA,"ones",1.75,NA,1.54000385879928,1.95999614120072,"district","al.kufa"
"dependent.var245","lsg_health","ones",NA,"ones",3.36423841059603,NA,3.16804011116187,3.56043671003018,"district","al.amadiya"
"dependent.var246","lsg_health","ones",NA,"ones",1.12162162162162,NA,1.02597519256506,1.21726805067818,"district","al.nasiriya"
"dependent.var247","lsg_health","ones",NA,"ones",2.07784431137725,NA,1.85888352476122,2.29680509799328,"district","al.najaf"
"dependent.var248","lsg_health","ones",NA,"ones",1.84375,NA,1.57251686887447,2.11498313112553,"district","baquba"
"dependent.var249","lsg_health","ones",NA,"ones",1.96774193548387,NA,1.78072091444289,2.15476295652485,"district","al.khalis"
"dependent.var250","lsg_health","ones",NA,"ones",4,NA,4,4,"district","al.baaj"
"dependent.var251","lsg_health","ones",NA,"ones",2.68217054263566,NA,2.53363887537989,2.83070220989143,"district","zakho"
"dependent.var252","lsg_protection","ones",NA,"ones",3.32692307692308,NA,3.18083947243571,3.47300668141045,"district","al.kaim"
"dependent.var253","lsg_protection","ones",NA,"ones",2.152466367713,NA,2.03401562903698,2.27091710638903,"district","haditha"
"dependent.var254","lsg_protection","ones",NA,"ones",2.18987341772152,NA,1.97778784504699,2.40195899039605,"district","al.rutba"
"dependent.var255","lsg_protection","ones",NA,"ones",1.70750988142292,NA,1.6326561390342,1.78236362381165,"district","khanaqin"
"dependent.var256","lsg_protection","ones",NA,"ones",2.18857142857143,NA,2.06111145174592,2.31603140539694,"district","al.adhamiya"
"dependent.var257","lsg_protection","ones",NA,"ones",1.62569832402235,NA,1.51269161557524,1.73870503246946,"district","kalar"
"dependent.var258","lsg_protection","ones",NA,"ones",1.64779874213836,NA,1.52773185820343,1.7678656260733,"district","al.hatra"
"dependent.var259","lsg_protection","ones",NA,"ones",1.28787878787879,NA,1.1490292252358,1.42672835052177,"district","al.muqdadiya"
"dependent.var260","lsg_protection","ones",NA,"ones",1.24886877828054,NA,1.2098514179197,1.28788613864139,"district","sumail"
"dependent.var261","lsg_protection","ones",NA,"ones",1.4047619047619,NA,1.21513445403769,1.59438935548612,"district","rawanduz"
"dependent.var262","lsg_protection","ones",NA,"ones",2.0643153526971,NA,2.00613499502419,2.12249571037,"district","al.mosul"
"dependent.var263","lsg_protection","ones",NA,"ones",1.25373134328358,NA,1.20515852461181,1.30230416195536,"district","al.shikhan"
"dependent.var264","lsg_protection","ones",NA,"ones",1.74725274725275,NA,1.56452440433439,1.9299810901711,"district","balad"
"dependent.var265","lsg_protection","ones",NA,"ones",1.84090909090909,NA,1.73175595091264,1.95006223090555,"district","al.mahmoudiya"
"dependent.var266","lsg_protection","ones",NA,"ones",3.73188405797101,NA,3.64745804845743,3.8163100674846,"district","ana"
"dependent.var267","lsg_protection","ones",NA,"ones",2.13488372093023,NA,1.99538112836864,2.27438631349183,"district","sinjar"
"dependent.var268","lsg_protection","ones",NA,"ones",1.08791208791209,NA,1.02941025357842,1.14641392224576,"district","al.diwaniya"
"dependent.var269","lsg_protection","ones",NA,"ones",1.00862068965517,NA,0.991724448409137,1.02551693090121,"district","kerbela"
"dependent.var270","lsg_protection","ones",NA,"ones",1.03260869565217,NA,1.00687569983017,1.05834169147418,"district","al.hindiya"
"dependent.var271","lsg_protection","ones",NA,"ones",1.86772486772487,NA,1.73307811344551,2.00237162200422,"district","al.ramadi"
"dependent.var272","lsg_protection","ones",NA,"ones",2.12202380952381,NA,2.02497096955741,2.21907664949021,"district","tikrit"
"dependent.var273","lsg_protection","ones",NA,"ones",1.18060200668896,NA,1.12635850572769,1.23484550765023,"district","erbil"
"dependent.var274","lsg_protection","ones",NA,"ones",1.85844748858447,NA,1.7313970694165,1.98549790775245,"district","tilkaef"
"dependent.var275","lsg_protection","ones",NA,"ones",1.8,NA,1.71476446378832,1.88523553621168,"district","al.shirqat"
"dependent.var276","lsg_protection","ones",NA,"ones",2.26283367556468,NA,2.16953132834535,2.35613602278401,"district","kirkuk"
"dependent.var277","lsg_protection","ones",NA,"ones",3.51428571428571,NA,3.29613057980441,3.73244084876702,"district","samarra"
"dependent.var278","lsg_protection","ones",NA,"ones",1.57272727272727,NA,1.44500255745125,1.70045198800329,"district","chamchamal"
"dependent.var279","lsg_protection","ones",NA,"ones",2.50413223140496,NA,2.31567249120484,2.69259197160507,"district","al.hawiga"
"dependent.var280","lsg_protection","ones",NA,"ones",2.01388888888889,NA,1.86936022928672,2.15841754849106,"district","al.risafa"
"dependent.var281","lsg_protection","ones",NA,"ones",1.20754716981132,NA,1.10675544591816,1.30833889370448,"district","shaqlawa"
"dependent.var282","lsg_protection","ones",NA,"ones",1.09,NA,1.03362683160136,1.14637316839864,"district","al.kut"
"dependent.var283","lsg_protection","ones",NA,"ones",1.75757575757576,NA,1.66121467081839,1.85393684433313,"district","al.sulaymaniyah"
"dependent.var284","lsg_protection","ones",NA,"ones",1.25688073394495,NA,1.15341215834873,1.36034930954118,"district","duhok"
"dependent.var285","lsg_protection","ones",NA,"ones",1.49606299212598,NA,1.37043039572997,1.621695588522,"district","koysinjaq"
"dependent.var286","lsg_protection","ones",NA,"ones",2.90140845070423,NA,2.77101386911495,3.0318030322935,"district","heet"
"dependent.var287","lsg_protection","ones",NA,"ones",2.50490196078431,NA,2.34230827224203,2.6674956493266,"district","telafar"
"dependent.var288","lsg_protection","ones",NA,"ones",1.4375,NA,1.32417429705435,1.55082570294565,"district","rania"
"dependent.var289","lsg_protection","ones",NA,"ones",1.86111111111111,NA,1.6853628101853,2.03685941203693,"district","al.karkh"
"dependent.var290","lsg_protection","ones",NA,"ones",1.33953488372093,NA,1.2587250722104,1.42034469523146,"district","aqra"
"dependent.var291","lsg_protection","ones",NA,"ones",1.36607142857143,NA,1.24686097129021,1.48528188585265,"district","derbendikhan"
"dependent.var292","lsg_protection","ones",NA,"ones",1.04624277456647,NA,1.01485758688558,1.07762796224737,"district","al.basrah"
"dependent.var293","lsg_protection","ones",NA,"ones",1.78070175438596,NA,1.68283805028133,1.8785654584906,"district","daquq"
"dependent.var294","lsg_protection","ones",NA,"ones",1.03125,NA,0.996262157973751,1.06623784202625,"district","al.suwaira"
"dependent.var295","lsg_protection","ones",NA,"ones",1.4622641509434,NA,1.31556910342003,1.60895919846676,"district","kifri"
"dependent.var296","lsg_protection","ones",NA,"ones",2.06415094339623,NA,1.94514824620518,2.18315364058728,"district","al.kadhmiyah"
"dependent.var297","lsg_protection","ones",NA,"ones",2.46368715083799,NA,2.31054774090692,2.61682656076906,"district","beygee"
"dependent.var298","lsg_protection","ones",NA,"ones",1.86712095400341,NA,1.79769229493226,1.93654961307456,"district","al.hamdaniya"
"dependent.var299","lsg_protection","ones",NA,"ones",1.46739130434783,NA,1.34452132706096,1.59026128163469,"district","halabcha"
"dependent.var300","lsg_protection","ones",NA,"ones",1.89285714285714,NA,1.70797698837728,2.07773729733701,"district","al.mussyab"
"dependent.var301","lsg_protection","ones",NA,"ones",1.7012987012987,NA,1.59894312730511,1.80365427529229,"district","dibis"
"dependent.var302","lsg_protection","ones",NA,"ones",1.75097276264591,NA,1.6561288035818,1.84581672171003,"district","tooz.khurmato"
"dependent.var303","lsg_protection","ones",NA,"ones",1.63302752293578,NA,1.49389535077692,1.77215969509464,"district","dokan"
"dependent.var304","lsg_protection","ones",NA,"ones",1.07344632768362,NA,1.03490629390773,1.1119863614595,"district","al.kahla"
"dependent.var305","lsg_protection","ones",NA,"ones",1.7962962962963,NA,1.68621363445118,1.90637895814141,"district","makhmour"
"dependent.var306","lsg_protection","ones",NA,"ones",1.9971098265896,NA,1.89579013288328,2.09842952029591,"district","al.falluja"
"dependent.var307","lsg_protection","ones",NA,"ones",1.2680412371134,NA,1.16571186679421,1.37037060743259,"district","al.kufa"
"dependent.var308","lsg_protection","ones",NA,"ones",1.20754716981132,NA,1.13743105462776,1.27766328499488,"district","al.amadiya"
"dependent.var309","lsg_protection","ones",NA,"ones",1,NA,1,1,"district","al.nasiriya"
"dependent.var310","lsg_protection","ones",NA,"ones",1.51630434782609,NA,1.38815361060699,1.64445508504519,"district","al.najaf"
"dependent.var311","lsg_protection","ones",NA,"ones",1.98958333333333,NA,1.7714259703186,2.20774069634807,"district","baquba"
"dependent.var312","lsg_protection","ones",NA,"ones",1.45161290322581,NA,1.35421789047417,1.54900791597744,"district","al.khalis"
"dependent.var313","lsg_protection","ones",NA,"ones",2.84313725490196,NA,2.61435371705096,3.07192079275296,"district","al.baaj"
"dependent.var314","lsg_protection","ones",NA,"ones",1.22784810126582,NA,1.1803258552137,1.27537034731795,"district","zakho"
"dependent.var315","lsg_snfi","ones",NA,"ones",2.47019867549669,NA,2.30361718918014,2.63678016181324,"district","al.kaim"
"dependent.var316","lsg_snfi","ones",NA,"ones",1.76681614349776,NA,1.65268308380288,1.88094920319263,"district","haditha"
"dependent.var317","lsg_snfi","ones",NA,"ones",2.24050632911392,NA,1.9734161535159,2.50759650471195,"district","al.rutba"
"dependent.var318","lsg_snfi","ones",NA,"ones",2.1897233201581,NA,2.07316049010377,2.30628615021243,"district","khanaqin"
"dependent.var319","lsg_snfi","ones",NA,"ones",1.65714285714286,NA,1.51532284447561,1.7989628698101,"district","al.adhamiya"
"dependent.var320","lsg_snfi","ones",NA,"ones",2.01685393258427,NA,1.82529684512929,2.20841102003925,"district","kalar"
"dependent.var321","lsg_snfi","ones",NA,"ones",1.46540880503145,NA,1.32795413706861,1.60286347299429,"district","al.hatra"
"dependent.var322","lsg_snfi","ones",NA,"ones",1.40909090909091,NA,1.28956510810319,1.52861671007862,"district","al.muqdadiya"
"dependent.var323","lsg_snfi","ones",NA,"ones",2.68627450980392,NA,2.58874721521206,2.78380180439578,"district","sumail"
"dependent.var324","lsg_snfi","ones",NA,"ones",1.47619047619048,NA,1.22414874029252,1.72823221208843,"district","rawanduz"
"dependent.var325","lsg_snfi","ones",NA,"ones",3.02651113467656,NA,2.94060993571961,3.11241233363352,"district","al.mosul"
"dependent.var326","lsg_snfi","ones",NA,"ones",2.41880341880342,NA,2.30900357417541,2.52860326343143,"district","al.shikhan"
"dependent.var327","lsg_snfi","ones",NA,"ones",2.54444444444444,NA,2.36609926805041,2.72278962083848,"district","balad"
"dependent.var328","lsg_snfi","ones",NA,"ones",2.54337899543379,NA,2.43636069166502,2.65039729920256,"district","al.mahmoudiya"
"dependent.var329","lsg_snfi","ones",NA,"ones",2.45925925925926,NA,2.28346730539304,2.63505121312548,"district","ana"
"dependent.var330","lsg_snfi","ones",NA,"ones",2.32710280373832,NA,2.16780536158395,2.48640024589268,"district","sinjar"
"dependent.var331","lsg_snfi","ones",NA,"ones",1.01098901098901,NA,0.989450945224835,1.03252707675319,"district","al.diwaniya"
"dependent.var332","lsg_snfi","ones",NA,"ones",1.35344827586207,NA,1.26607799301492,1.44081855870922,"district","kerbela"
"dependent.var333","lsg_snfi","ones",NA,"ones",1.52459016393443,NA,1.44593475702257,1.60324557084628,"district","al.hindiya"
"dependent.var334","lsg_snfi","ones",NA,"ones",1.66844919786096,NA,1.53658294463674,1.80031545108519,"district","al.ramadi"
"dependent.var335","lsg_snfi","ones",NA,"ones",2.59442724458204,NA,2.44757622603649,2.7412782631276,"district","tikrit"
"dependent.var336","lsg_snfi","ones",NA,"ones",2.17114093959732,NA,2.03384978582852,2.30843209336611,"district","erbil"
"dependent.var337","lsg_snfi","ones",NA,"ones",2.08219178082192,NA,1.92877390125852,2.23560966038531,"district","tilkaef"
"dependent.var338","lsg_snfi","ones",NA,"ones",2.02777777777778,NA,1.89829452443737,2.15726103111819,"district","al.shirqat"
"dependent.var339","lsg_snfi","ones",NA,"ones",2.60985626283368,NA,2.49062614632938,2.72908637933797,"district","kirkuk"
"dependent.var340","lsg_snfi","ones",NA,"ones",2.34285714285714,NA,1.92578476087936,2.75992952483493,"district","samarra"
"dependent.var341","lsg_snfi","ones",NA,"ones",1.62727272727273,NA,1.47151894994456,1.78302650460089,"district","chamchamal"
"dependent.var342","lsg_snfi","ones",NA,"ones",2.53719008264463,NA,2.37446887105846,2.69991129423079,"district","al.hawiga"
"dependent.var343","lsg_snfi","ones",NA,"ones",2.23611111111111,NA,2.03079342817334,2.44142879404888,"district","al.risafa"
"dependent.var344","lsg_snfi","ones",NA,"ones",1.5188679245283,NA,1.39498932238393,1.64274652667267,"district","shaqlawa"
"dependent.var345","lsg_snfi","ones",NA,"ones",1.23232323232323,NA,1.12396101471298,1.34068544993349,"district","al.kut"
"dependent.var346","lsg_snfi","ones",NA,"ones",2.22943722943723,NA,2.07062234087875,2.38825211799571,"district","al.sulaymaniyah"
"dependent.var347","lsg_snfi","ones",NA,"ones",1.60550458715596,NA,1.41601221279112,1.79499696152081,"district","duhok"
"dependent.var348","lsg_snfi","ones",NA,"ones",1.48031496062992,NA,1.35283033354899,1.60779958771085,"district","koysinjaq"
"dependent.var349","lsg_snfi","ones",NA,"ones",1.5,NA,1.37342801233476,1.62657198766524,"district","heet"
"dependent.var350","lsg_snfi","ones",NA,"ones",2.51960784313725,NA,2.35476858020671,2.6844471060678,"district","telafar"
"dependent.var351","lsg_snfi","ones",NA,"ones",1.3125,NA,1.18566471191564,1.43933528808436,"district","rania"
"dependent.var352","lsg_snfi","ones",NA,"ones",1.53703703703704,NA,1.37929567040996,1.69477840366411,"district","al.karkh"
"dependent.var353","lsg_snfi","ones",NA,"ones",1.82629107981221,NA,1.67570034542961,1.9768818141948,"district","aqra"
"dependent.var354","lsg_snfi","ones",NA,"ones",1.375,NA,1.23855547432581,1.51144452567419,"district","derbendikhan"
"dependent.var355","lsg_snfi","ones",NA,"ones",1.38728323699422,NA,1.26863052217526,1.50593595181318,"district","al.basrah"
"dependent.var356","lsg_snfi","ones",NA,"ones",1.98684210526316,NA,1.8378803902907,2.13580382023562,"district","daquq"
"dependent.var357","lsg_snfi","ones",NA,"ones",1.25,NA,1.11699274914685,1.38300725085315,"district","al.suwaira"
"dependent.var358","lsg_snfi","ones",NA,"ones",1.38095238095238,NA,1.20827433494232,1.55363042696244,"district","kifri"
"dependent.var359","lsg_snfi","ones",NA,"ones",2.0719696969697,NA,1.92973986587156,2.21419952806783,"district","al.kadhmiyah"
"dependent.var360","lsg_snfi","ones",NA,"ones",2.03954802259887,NA,1.86583088557891,2.21326515961883,"district","beygee"
"dependent.var361","lsg_snfi","ones",NA,"ones",2.6199649737303,NA,2.50651304186425,2.73341690559635,"district","al.hamdaniya"
"dependent.var362","lsg_snfi","ones",NA,"ones",1.21739130434783,NA,1.09312881673305,1.3416537919626,"district","halabcha"
"dependent.var363","lsg_snfi","ones",NA,"ones",1.80952380952381,NA,1.61460936015493,2.00443825889269,"district","al.mussyab"
"dependent.var364","lsg_snfi","ones",NA,"ones",1.28289473684211,NA,1.18034360642042,1.38544586726379,"district","dibis"
"dependent.var365","lsg_snfi","ones",NA,"ones",1.23137254901961,NA,1.14244095923843,1.32030413880079,"district","tooz.khurmato"
"dependent.var366","lsg_snfi","ones",NA,"ones",1.58333333333333,NA,1.43718936681301,1.72947729985366,"district","dokan"
"dependent.var367","lsg_snfi","ones",NA,"ones",1.00581395348837,NA,0.994418814043372,1.01720909293337,"district","al.kahla"
"dependent.var368","lsg_snfi","ones",NA,"ones",1.79012345679012,NA,1.62601083335566,1.95423608022459,"district","makhmour"
"dependent.var369","lsg_snfi","ones",NA,"ones",2.38728323699422,NA,2.24488433901551,2.52968213497293,"district","al.falluja"
"dependent.var370","lsg_snfi","ones",NA,"ones",1.21649484536082,NA,1.13120176678401,1.30178792393764,"district","al.kufa"
"dependent.var371","lsg_snfi","ones",NA,"ones",2.27044025157233,NA,2.09322927559564,2.44765122754902,"district","al.amadiya"
"dependent.var372","lsg_snfi","ones",NA,"ones",1.00675675675676,NA,0.993513756861216,1.0199997566523,"district","al.nasiriya"
"dependent.var373","lsg_snfi","ones",NA,"ones",2.10928961748634,NA,1.9701658866396,2.24841334833308,"district","al.najaf"
"dependent.var374","lsg_snfi","ones",NA,"ones",2.14583333333333,NA,1.91367463546928,2.37799203119738,"district","baquba"
"dependent.var375","lsg_snfi","ones",NA,"ones",1.59259259259259,NA,1.49044163899126,1.69474354619392,"district","al.khalis"
"dependent.var376","lsg_snfi","ones",NA,"ones",2.31372549019608,NA,2.0908276252876,2.53662335510455,"district","al.baaj"
"dependent.var377","lsg_snfi","ones",NA,"ones",2.84810126582278,NA,2.73406058717686,2.9621419444687,"district","zakho"
"dependent.var378","lsg_wash","ones",NA,"ones",2.29677419354839,NA,2.1761923044464,2.41735608265038,"district","al.kaim"
"dependent.var379","lsg_wash","ones",NA,"ones",1.51569506726457,NA,1.44321848851421,1.58817164601493,"district","haditha"
"dependent.var380","lsg_wash","ones",NA,"ones",1.55696202531646,NA,1.40821006319273,1.70571398744018,"district","al.rutba"
"dependent.var381","lsg_wash","ones",NA,"ones",1.58811881188119,NA,1.53801500242088,1.6382226213415,"district","khanaqin"
"dependent.var382","lsg_wash","ones",NA,"ones",1.13142857142857,NA,1.0787735179557,1.18408362490144,"district","al.adhamiya"
"dependent.var383","lsg_wash","ones",NA,"ones",1.42458100558659,NA,1.34560583871491,1.50355617245828,"district","kalar"
"dependent.var384","lsg_wash","ones",NA,"ones",1.55974842767296,NA,1.45689500087205,1.66260185447386,"district","al.hatra"
"dependent.var385","lsg_wash","ones",NA,"ones",1.66153846153846,NA,1.53790077131701,1.78517615175991,"district","al.muqdadiya"
"dependent.var386","lsg_wash","ones",NA,"ones",1.8343653250774,NA,1.78218979732399,1.88654085283081,"district","sumail"
"dependent.var387","lsg_wash","ones",NA,"ones",1.07692307692308,NA,0.992199640347784,1.16164651349837,"district","rawanduz"
"dependent.var388","lsg_wash","ones",NA,"ones",1.8944618599791,NA,1.84046736653334,1.94845635342486,"district","al.mosul"
"dependent.var389","lsg_wash","ones",NA,"ones",1.40920716112532,NA,1.35502698406512,1.46338733818552,"district","al.shikhan"
"dependent.var390","lsg_wash","ones",NA,"ones",1.21978021978022,NA,1.12891102077339,1.31064941878705,"district","balad"
"dependent.var391","lsg_wash","ones",NA,"ones",1.07109004739337,NA,1.03633405819637,1.10584603659036,"district","al.mahmoudiya"
"dependent.var392","lsg_wash","ones",NA,"ones",2.40740740740741,NA,2.30793852324665,2.50687629156817,"district","ana"
"dependent.var393","lsg_wash","ones",NA,"ones",1.83091787439614,NA,1.74977789496092,1.91205785383135,"district","sinjar"
"dependent.var394","lsg_wash","ones",NA,"ones",2,NA,1.5405773558343,2.4594226441657,"district","al.diwaniya"
"dependent.var395","lsg_wash","ones",NA,"ones",1.70909090909091,NA,1.5743202941041,1.84386152407772,"district","kerbela"
"dependent.var396","lsg_wash","ones",NA,"ones",1.52808988764045,NA,1.42788049251699,1.62829928276391,"district","al.hindiya"
"dependent.var397","lsg_wash","ones",NA,"ones",1.13756613756614,NA,1.08832956216564,1.18680271296663,"district","al.ramadi"
"dependent.var398","lsg_wash","ones",NA,"ones",1.90178571428571,NA,1.82088844799234,1.98268298057909,"district","tikrit"
"dependent.var399","lsg_wash","ones",NA,"ones",1.44765342960289,NA,1.38097226828305,1.51433459092273,"district","erbil"
"dependent.var400","lsg_wash","ones",NA,"ones",1.51141552511416,NA,1.43387647707527,1.58895457315304,"district","tilkaef"
"dependent.var401","lsg_wash","ones",NA,"ones",1.73184357541899,NA,1.63173148624201,1.83195566459598,"district","al.shirqat"
"dependent.var402","lsg_wash","ones",NA,"ones",1.57692307692308,NA,1.52711451645045,1.6267316373957,"district","kirkuk"
"dependent.var403","lsg_wash","ones",NA,"ones",1.37142857142857,NA,1.15754303051618,1.58531411234097,"district","samarra"
"dependent.var404","lsg_wash","ones",NA,"ones",1.6,NA,1.48344754444658,1.71655245555342,"district","chamchamal"
"dependent.var405","lsg_wash","ones",NA,"ones",1.7603305785124,NA,1.63220547488565,1.88845568213915,"district","al.hawiga"
"dependent.var406","lsg_wash","ones",NA,"ones",1.16666666666667,NA,1.10260323972366,1.23073009360967,"district","al.risafa"
"dependent.var407","lsg_wash","ones",NA,"ones",1.08653846153846,NA,1.03224104121081,1.14083588186611,"district","shaqlawa"
"dependent.var408","lsg_wash","ones",NA,"ones",2.06756756756757,NA,1.8933899956099,2.24174513952524,"district","al.kut"
"dependent.var409","lsg_wash","ones",NA,"ones",1.26431718061674,NA,1.20553789560453,1.32309646562895,"district","al.sulaymaniyah"
"dependent.var410","lsg_wash","ones",NA,"ones",1.51111111111111,NA,1.33913374359367,1.68308847862855,"district","duhok"
"dependent.var411","lsg_wash","ones",NA,"ones",1.19444444444444,NA,1.11945472645569,1.2694341624332,"district","koysinjaq"
"dependent.var412","lsg_wash","ones",NA,"ones",1.69014084507042,NA,1.61133830793346,1.76894338220738,"district","heet"
"dependent.var413","lsg_wash","ones",NA,"ones",1.8578431372549,NA,1.76502344328573,1.95066283122407,"district","telafar"
"dependent.var414","lsg_wash","ones",NA,"ones",1.37254901960784,NA,1.26021207025871,1.48488596895698,"district","rania"
"dependent.var415","lsg_wash","ones",NA,"ones",1.08333333333333,NA,1.03096469295034,1.13570197371632,"district","al.karkh"
"dependent.var416","lsg_wash","ones",NA,"ones",1.22395833333333,NA,1.15812854480484,1.28978812186183,"district","aqra"
"dependent.var417","lsg_wash","ones",NA,"ones",1.73267326732673,NA,1.60071529609037,1.86463123856309,"district","derbendikhan"
"dependent.var418","lsg_wash","ones",NA,"ones",1.76878612716763,NA,1.70577843385028,1.83179382048498,"district","al.basrah"
"dependent.var419","lsg_wash","ones",NA,"ones",1.59842519685039,NA,1.47989965538602,1.71695073831477,"district","daquq"
"dependent.var420","lsg_wash","ones",NA,"ones",1.42857142857143,NA,1.26886170268096,1.5882811544619,"district","al.suwaira"
"dependent.var421","lsg_wash","ones",NA,"ones",1.4622641509434,NA,1.34721647468374,1.57731182720305,"district","kifri"
"dependent.var422","lsg_wash","ones",NA,"ones",1.16603773584906,NA,1.11994346916015,1.21213200253797,"district","al.kadhmiyah"
"dependent.var423","lsg_wash","ones",NA,"ones",1.84745762711864,NA,1.74636172600663,1.94855352823066,"district","beygee"
"dependent.var424","lsg_wash","ones",NA,"ones",1.66724137931034,NA,1.6078097418201,1.72667301680059,"district","al.hamdaniya"
"dependent.var425","lsg_wash","ones",NA,"ones",1.4125,NA,1.27004375178877,1.55495624821123,"district","halabcha"
"dependent.var426","lsg_wash","ones",NA,"ones",1.33333333333333,NA,1.23191819486892,1.43474847179775,"district","al.mussyab"
"dependent.var427","lsg_wash","ones",NA,"ones",1.35514018691589,NA,1.26403822613135,1.44624214770042,"district","dibis"
"dependent.var428","lsg_wash","ones",NA,"ones",1.72332015810277,NA,1.65024263114291,1.79639768506263,"district","tooz.khurmato"
"dependent.var429","lsg_wash","ones",NA,"ones",1.46788990825688,NA,1.35487905839889,1.58090075811487,"district","dokan"
"dependent.var430","lsg_wash","ones",NA,"ones",1.11377245508982,NA,1.05278879277434,1.1747561174053,"district","al.kahla"
"dependent.var431","lsg_wash","ones",NA,"ones",1.34437086092715,NA,1.2639932760175,1.42474844583681,"district","makhmour"
"dependent.var432","lsg_wash","ones",NA,"ones",1.17101449275362,NA,1.1296308422425,1.21239814326474,"district","al.falluja"
"dependent.var433","lsg_wash","ones",NA,"ones",1.59659090909091,NA,1.47927023383869,1.71391158434313,"district","al.kufa"
"dependent.var434","lsg_wash","ones",NA,"ones",1.47682119205298,NA,1.38141529257613,1.57222709152983,"district","al.amadiya"
"dependent.var435","lsg_wash","ones",NA,"ones",1.2158273381295,NA,1.13388908404311,1.29776559221588,"district","al.nasiriya"
"dependent.var436","lsg_wash","ones",NA,"ones",1.18579234972678,NA,1.12728085563962,1.24430384381394,"district","al.najaf"
"dependent.var437","lsg_wash","ones",NA,"ones",1.8125,NA,1.65008559654999,1.97491440345001,"district","baquba"
"dependent.var438","lsg_wash","ones",NA,"ones",1.75714285714286,NA,1.65874833741855,1.85553737686717,"district","al.khalis"
"dependent.var439","lsg_wash","ones",NA,"ones",1.82352941176471,NA,1.64393028036801,2.0031285431614,"district","al.baaj"
"dependent.var440","lsg_wash","ones",NA,"ones",1.47493403693931,NA,1.41056700032545,1.53930107355318,"district","zakho"
"dependent.var441","capacity_gap","ones",NA,"ones",2.71153846153846,NA,2.52974775155057,2.89332917152635,"district","al.kaim"
"dependent.var442","capacity_gap","ones",NA,"ones",1.71748878923767,NA,1.60358461540967,1.83139296306567,"district","haditha"
"dependent.var443","capacity_gap","ones",NA,"ones",2.65822784810127,NA,2.46198962200814,2.85446607419439,"district","al.rutba"
"dependent.var444","capacity_gap","ones",NA,"ones",2.39130434782609,NA,2.29724360625589,2.48536508939628,"district","khanaqin"
"dependent.var445","capacity_gap","ones",NA,"ones",1.61714285714286,NA,1.46588723999525,1.76839847429047,"district","al.adhamiya"
"dependent.var446","capacity_gap","ones",NA,"ones",2.29050279329609,NA,2.12438022342474,2.45662536316744,"district","kalar"
"dependent.var447","capacity_gap","ones",NA,"ones",1.18867924528302,NA,1.12521549100989,1.25214299955615,"district","al.hatra"
"dependent.var448","capacity_gap","ones",NA,"ones",1.72727272727273,NA,1.56587474854944,1.88867070599602,"district","al.muqdadiya"
"dependent.var449","capacity_gap","ones",NA,"ones",2.08898944193062,NA,2.02925028131125,2.14872860254999,"district","sumail"
"dependent.var450","capacity_gap","ones",NA,"ones",1.9047619047619,NA,1.63090466873257,2.17861914079124,"district","rawanduz"
"dependent.var451","capacity_gap","ones",NA,"ones",2.18153526970954,NA,2.11275506106269,2.2503154783564,"district","al.mosul"
"dependent.var452","capacity_gap","ones",NA,"ones",2.22388059701493,NA,2.14702582649098,2.30073536753887,"district","al.shikhan"
"dependent.var453","capacity_gap","ones",NA,"ones",2.07692307692308,NA,2.00687375782316,2.146972396023,"district","balad"
"dependent.var454","capacity_gap","ones",NA,"ones",2.55909090909091,NA,2.42538108655538,2.69280073162644,"district","al.mahmoudiya"
"dependent.var455","capacity_gap","ones",NA,"ones",2.67391304347826,NA,2.47418581776219,2.87364026919434,"district","ana"
"dependent.var456","capacity_gap","ones",NA,"ones",2.75813953488372,NA,2.60322829617501,2.91305077359244,"district","sinjar"
"dependent.var457","capacity_gap","ones",NA,"ones",1.42857142857143,NA,1.23211404226356,1.62502881487929,"district","al.diwaniya"
"dependent.var458","capacity_gap","ones",NA,"ones",1.81896551724138,NA,1.67780351391383,1.96012752056892,"district","kerbela"
"dependent.var459","capacity_gap","ones",NA,"ones",1.6195652173913,NA,1.52440824069596,1.71472219408665,"district","al.hindiya"
"dependent.var460","capacity_gap","ones",NA,"ones",1.46560846560847,NA,1.3621386010793,1.56907833013763,"district","al.ramadi"
"dependent.var461","capacity_gap","ones",NA,"ones",2.34523809523809,NA,2.23944399655377,2.45103219392242,"district","tikrit"
"dependent.var462","capacity_gap","ones",NA,"ones",1.94648829431438,NA,1.8510783714845,2.04189821714426,"district","erbil"
"dependent.var463","capacity_gap","ones",NA,"ones",2.53881278538813,NA,2.39573457846021,2.68189099231604,"district","tilkaef"
"dependent.var464","capacity_gap","ones",NA,"ones",2.54805194805195,NA,2.45781703310547,2.63828686299842,"district","al.shirqat"
"dependent.var465","capacity_gap","ones",NA,"ones",2.0082135523614,NA,1.9167018782937,2.0997252264291,"district","kirkuk"
"dependent.var466","capacity_gap","ones",NA,"ones",2.74285714285714,NA,2.49725652087947,2.98845776483482,"district","samarra"
"dependent.var467","capacity_gap","ones",NA,"ones",2.55454545454545,NA,2.36412684465447,2.74496406443643,"district","chamchamal"
"dependent.var468","capacity_gap","ones",NA,"ones",2.30578512396694,NA,2.14834986012943,2.46322038780445,"district","al.hawiga"
"dependent.var469","capacity_gap","ones",NA,"ones",1.5625,NA,1.41961655657937,1.70538344342063,"district","al.risafa"
"dependent.var470","capacity_gap","ones",NA,"ones",2.0188679245283,NA,1.85273984283264,2.18499600622396,"district","shaqlawa"
"dependent.var471","capacity_gap","ones",NA,"ones",2.4,NA,2.20301620789911,2.59698379210089,"district","al.kut"
"dependent.var472","capacity_gap","ones",NA,"ones",2.1038961038961,NA,1.9790691526917,2.22872305510051,"district","al.sulaymaniyah"
"dependent.var473","capacity_gap","ones",NA,"ones",2.02752293577982,NA,1.87326815085824,2.1817777207014,"district","duhok"
"dependent.var474","capacity_gap","ones",NA,"ones",2.13385826771654,NA,1.98147790556641,2.28623862986666,"district","koysinjaq"
"dependent.var475","capacity_gap","ones",NA,"ones",1.85915492957746,NA,1.67168264881929,2.04662721033564,"district","heet"
"dependent.var476","capacity_gap","ones",NA,"ones",2.48039215686275,NA,2.32362912753827,2.63715518618723,"district","telafar"
"dependent.var477","capacity_gap","ones",NA,"ones",2.3125,NA,2.12976779466901,2.49523220533099,"district","rania"
"dependent.var478","capacity_gap","ones",NA,"ones",1.58333333333333,NA,1.44181169418799,1.72485497247868,"district","al.karkh"
"dependent.var479","capacity_gap","ones",NA,"ones",2.04651162790698,NA,1.94495301052107,2.14807024529289,"district","aqra"
"dependent.var480","capacity_gap","ones",NA,"ones",2.32142857142857,NA,2.13838711689615,2.50447002596099,"district","derbendikhan"
"dependent.var481","capacity_gap","ones",NA,"ones",2.95953757225434,NA,2.88187760778904,3.03719753671963,"district","al.basrah"
"dependent.var482","capacity_gap","ones",NA,"ones",2.03508771929825,NA,1.93325298449088,2.13692245410561,"district","daquq"
"dependent.var483","capacity_gap","ones",NA,"ones",2.01041666666667,NA,1.7828100741931,2.23802325914023,"district","al.suwaira"
"dependent.var484","capacity_gap","ones",NA,"ones",2.29245283018868,NA,2.06956715912319,2.51533850125417,"district","kifri"
"dependent.var485","capacity_gap","ones",NA,"ones",1.6377358490566,NA,1.53210050852825,1.74337118958496,"district","al.kadhmiyah"
"dependent.var486","capacity_gap","ones",NA,"ones",2.25698324022346,NA,2.08895381742048,2.42501266302645,"district","beygee"
"dependent.var487","capacity_gap","ones",NA,"ones",1.97614991482112,NA,1.89794425912876,2.05435557051349,"district","al.hamdaniya"
"dependent.var488","capacity_gap","ones",NA,"ones",2.14130434782609,NA,1.93015777525315,2.35245092039903,"district","halabcha"
"dependent.var489","capacity_gap","ones",NA,"ones",1.39285714285714,NA,1.27308546038123,1.51262882533306,"district","al.mussyab"
"dependent.var490","capacity_gap","ones",NA,"ones",1.86363636363636,NA,1.76461917374814,1.96265355352459,"district","dibis"
"dependent.var491","capacity_gap","ones",NA,"ones",1.84046692607004,NA,1.71204494475606,1.96888890738402,"district","tooz.khurmato"
"dependent.var492","capacity_gap","ones",NA,"ones",2.55045871559633,NA,2.39197279176152,2.70894463943114,"district","dokan"
"dependent.var493","capacity_gap","ones",NA,"ones",1.36723163841808,NA,1.24501484605776,1.4894484307784,"district","al.kahla"
"dependent.var494","capacity_gap","ones",NA,"ones",2,NA,1.8727159491758,2.1272840508242,"district","makhmour"
"dependent.var495","capacity_gap","ones",NA,"ones",1.6271676300578,NA,1.53875417031552,1.71558108980009,"district","al.falluja"
"dependent.var496","capacity_gap","ones",NA,"ones",1.98969072164948,NA,1.84014421260653,2.13923723069244,"district","al.kufa"
"dependent.var497","capacity_gap","ones",NA,"ones",2.0440251572327,NA,1.94153704133006,2.14651327313535,"district","al.amadiya"
"dependent.var498","capacity_gap","ones",NA,"ones",1.27027027027027,NA,1.18498968201249,1.35555085852805,"district","al.nasiriya"
"dependent.var499","capacity_gap","ones",NA,"ones",1.2445652173913,NA,1.15023609251353,1.33889434226908,"district","al.najaf"
"dependent.var500","capacity_gap","ones",NA,"ones",2.3125,NA,2.07973731100699,2.54526268899301,"district","baquba"
"dependent.var501","capacity_gap","ones",NA,"ones",1.70046082949309,NA,1.59352454906854,1.80739710991764,"district","al.khalis"
"dependent.var502","capacity_gap","ones",NA,"ones",2.7843137254902,NA,2.53692050833482,3.03170694264557,"district","al.baaj"
"dependent.var503","capacity_gap","ones",NA,"ones",2.08354430379747,NA,2.00653790079211,2.16055070680283,"district","zakho"
"dependent.var504","vulnerability","ones",NA,"ones",1.80392156862745,NA,1.55808304978201,2.04976008747289,"district","al.kaim"
"dependent.var505","vulnerability","ones",NA,"ones",1.3879781420765,NA,1.26484555201333,1.51111073213968,"district","haditha"
"dependent.var506","vulnerability","ones",NA,"ones",1.89333333333333,NA,1.65343677301266,2.13322989365401,"district","al.rutba"
"dependent.var507","vulnerability","ones",NA,"ones",1.42213114754098,NA,1.34222231671888,1.50203997836309,"district","khanaqin"
"dependent.var508","vulnerability","ones",NA,"ones",1.13529411764706,NA,1.05527482744794,1.21531340784617,"district","al.adhamiya"
"dependent.var509","vulnerability","ones",NA,"ones",1.36571428571429,NA,1.23735818075197,1.4940703906766,"district","kalar"
"dependent.var510","vulnerability","ones",NA,"ones",1.13924050632911,NA,1.05769799221118,1.22078302044704,"district","al.hatra"
"dependent.var511","vulnerability","ones",NA,"ones",1.16923076923077,NA,1.02305726262898,1.31540427583256,"district","al.muqdadiya"
"dependent.var512","vulnerability","ones",NA,"ones",1.43730407523511,NA,1.36487524673548,1.50973290373474,"district","sumail"
"dependent.var513","vulnerability","ones",NA,"ones",1.24324324324324,NA,0.998257687569591,1.4882287989169,"district","rawanduz"
"dependent.var514","vulnerability","ones",NA,"ones",1.47835269271383,NA,1.41775695386568,1.53894843156198,"district","al.mosul"
"dependent.var515","vulnerability","ones",NA,"ones",1.43891402714932,NA,1.35528818935132,1.52253986494733,"district","al.shikhan"
"dependent.var516","vulnerability","ones",NA,"ones",1.53846153846154,NA,1.32122226784173,1.75570080908135,"district","balad"
"dependent.var517","vulnerability","ones",NA,"ones",1.3778801843318,NA,1.26018668828267,1.49557368038093,"district","al.mahmoudiya"
"dependent.var518","vulnerability","ones",NA,"ones",1.8780487804878,NA,1.67242082079835,2.08367674017726,"district","ana"
"dependent.var519","vulnerability","ones",NA,"ones",1.3680981595092,NA,1.24753622871408,1.48866009030433,"district","sinjar"
"dependent.var520","vulnerability","ones",NA,"ones",1.08888888888889,NA,1.00326010124412,1.17451767653366,"district","al.diwaniya"
"dependent.var521","vulnerability","ones",NA,"ones",1.46788990825688,NA,1.29169267137903,1.64408714513473,"district","kerbela"
"dependent.var522","vulnerability","ones",NA,"ones",1.28415300546448,NA,1.17089049269198,1.39741551823698,"district","al.hindiya"
"dependent.var523","vulnerability","ones",NA,"ones",1.17391304347826,NA,1.09226432906728,1.25556175788924,"district","al.ramadi"
"dependent.var524","vulnerability","ones",NA,"ones",1.46808510638298,NA,1.35751088004595,1.57865933272001,"district","tikrit"
"dependent.var525","vulnerability","ones",NA,"ones",1.42176870748299,NA,1.31709350851083,1.52644390645515,"district","erbil"
"dependent.var526","vulnerability","ones",NA,"ones",1.44878048780488,NA,1.33190340348866,1.56565757212109,"district","tilkaef"
"dependent.var527","vulnerability","ones",NA,"ones",1.52,NA,1.42104613435088,1.61895386564912,"district","al.shirqat"
"dependent.var528","vulnerability","ones",NA,"ones",1.53302961275626,NA,1.44172601021392,1.62433321529861,"district","kirkuk"
"dependent.var529","vulnerability","ones",NA,"ones",1.39393939393939,NA,1.15360008644636,1.63427870143243,"district","samarra"
"dependent.var530","vulnerability","ones",NA,"ones",1.5,NA,1.31940055426899,1.68059944573101,"district","chamchamal"
"dependent.var531","vulnerability","ones",NA,"ones",1.33653846153846,NA,1.21204085924681,1.46103606383012,"district","al.hawiga"
"dependent.var532","vulnerability","ones",NA,"ones",1.24822695035461,NA,1.13635512707207,1.36009877363715,"district","al.risafa"
"dependent.var533","vulnerability","ones",NA,"ones",1.40816326530612,NA,1.23329097068259,1.58303555992966,"district","shaqlawa"
"dependent.var534","vulnerability","ones",NA,"ones",1.32291666666667,NA,1.16263697251252,1.48319636082081,"district","al.kut"
"dependent.var535","vulnerability","ones",NA,"ones",1.27927927927928,NA,1.17812417220643,1.38043438635212,"district","al.sulaymaniyah"
"dependent.var536","vulnerability","ones",NA,"ones",1.52040816326531,NA,1.32503213350138,1.71578419302923,"district","duhok"
"dependent.var537","vulnerability","ones",NA,"ones",1.21551724137931,NA,1.09599083962983,1.33504364312879,"district","koysinjaq"
"dependent.var538","vulnerability","ones",NA,"ones",1.16417910447761,NA,1.06636466915845,1.26199353979677,"district","heet"
"dependent.var539","vulnerability","ones",NA,"ones",1.37113402061856,NA,1.26332824467803,1.47893979655908,"district","telafar"
"dependent.var540","vulnerability","ones",NA,"ones",1.39090909090909,NA,1.23263252069307,1.54918566112511,"district","rania"
"dependent.var541","vulnerability","ones",NA,"ones",1.16822429906542,NA,1.06254846872997,1.27390012940087,"district","al.karkh"
"dependent.var542","vulnerability","ones",NA,"ones",1.35467980295567,NA,1.23674728188417,1.47261232402716,"district","aqra"
"dependent.var543","vulnerability","ones",NA,"ones",1.31818181818182,NA,1.1622785112118,1.47408512515184,"district","derbendikhan"
"dependent.var544","vulnerability","ones",NA,"ones",1.78571428571429,NA,1.34218447135876,2.22924410006981,"district","al.basrah"
"dependent.var545","vulnerability","ones",NA,"ones",1.41588785046729,NA,1.29341373789601,1.53836196303857,"district","daquq"
"dependent.var546","vulnerability","ones",NA,"ones",1.47311827956989,NA,1.28456759275351,1.66166896638628,"district","al.suwaira"
"dependent.var547","vulnerability","ones",NA,"ones",1.32038834951456,NA,1.17174496943034,1.46903172959878,"district","kifri"
"dependent.var548","vulnerability","ones",NA,"ones",1.21455938697318,NA,1.13857775452121,1.29054101942515,"district","al.kadhmiyah"
"dependent.var549","vulnerability","ones",NA,"ones",1.5,NA,1.3736492810076,1.6263507189924,"district","beygee"
"dependent.var550","vulnerability","ones",NA,"ones",1.47079646017699,NA,1.3946671042287,1.54692581612528,"district","al.hamdaniya"
"dependent.var551","vulnerability","ones",NA,"ones",1.31521739130435,NA,1.1639644121187,1.46647037049,"district","halabcha"
"dependent.var552","vulnerability","ones",NA,"ones",1.26190476190476,NA,1.10578150181443,1.4180280219951,"district","al.mussyab"
"dependent.var553","vulnerability","ones",NA,"ones",1.26428571428571,NA,1.14739044062835,1.38118098794308,"district","dibis"
"dependent.var554","vulnerability","ones",NA,"ones",1.47417840375587,NA,1.34734160039793,1.60101520711381,"district","tooz.khurmato"
"dependent.var555","vulnerability","ones",NA,"ones",1.27522935779817,NA,1.14035835148094,1.41010036411539,"district","dokan"
"dependent.var556","vulnerability","ones",NA,"ones",1.24712643678161,NA,1.13973463763267,1.35451823593054,"district","al.kahla"
"dependent.var557","vulnerability","ones",NA,"ones",1.27922077922078,NA,1.16012799914306,1.3983135592985,"district","makhmour"
"dependent.var558","vulnerability","ones",NA,"ones",1.22543352601156,NA,1.15726115040693,1.29360590161619,"district","al.falluja"
"dependent.var559","vulnerability","ones",NA,"ones",1.515625,NA,1.37089955585888,1.66035044414112,"district","al.kufa"
"dependent.var560","vulnerability","ones",NA,"ones",1.56,NA,1.39785697737543,1.72214302262457,"district","al.amadiya"
"dependent.var561","vulnerability","ones",NA,"ones",1.38461538461538,NA,1.15846569409153,1.61076507513924,"district","al.nasiriya"
"dependent.var562","vulnerability","ones",NA,"ones",1.53038674033149,NA,1.38835813635092,1.67241534431206,"district","al.najaf"
"dependent.var563","vulnerability","ones",NA,"ones",1.13253012048193,NA,1.01725771603061,1.24780252493325,"district","baquba"
"dependent.var564","vulnerability","ones",NA,"ones",1.32843137254902,NA,1.22514936944559,1.43171337565245,"district","al.khalis"
"dependent.var565","vulnerability","ones",NA,"ones",1.17391304347826,NA,1.04751754837471,1.30030853858181,"district","al.baaj"
"dependent.var566","vulnerability","ones",NA,"ones",1.43455497382199,NA,1.34588780555215,1.52322214209182,"district","zakho"
